id,correct_resp,resp,correct,rt
1,1,1,1,6.797
1,2,2,1,2.281
1,2,2,1,1.203
1,2,2,1,2.313
1,1,1,1,1.829
1,2,2,1,2.813
1,2,2,1,1.516
1,2,2,1,1.5
1,2,1,0,3.188
1,2,2,1,1.86
1,1,2,0,5.391
1,2,2,1,3.5
1,1,1,1,2.312
1,1,1,1,0.984
1,1,1,1,1.531
1,2,2,1,0.969
1,1,1,1,1.922
1,2,2,1,5.672
1,1,2,0,2.657
1,2,2,1,2.032
1,2,1,0,2.281
1,1,1,1,1.953
1,2,2,1,1.25
1,2,2,1,2.532
1,2,2,1,2.407
1,2,2,1,0.828
1,2,2,1,1.422
1,1,1,1,1.954
1,1,1,1,1.86
1,1,1,1,3.656
1,1,1,1,2.562
1,2,2,1,3.437
1,2,2,1,1.859
1,2,2,1,2.391
1,1,1,1,1.578
1,2,2,1,0.938
1,1,1,1,2.531
1,2,2,1,1.719
1,1,1,1,1.375
1,1,1,1,1.859
1,1,1,1,1.609
1,2,1,0,3.063
1,2,2,1,2.781
1,2,2,1,2.109
1,2,2,1,0.859
1,2,2,1,2.437
1,2,2,1,1.234
1,2,2,1,1.406
1,2,2,1,2.86
1,1,1,1,0.907
1,1,2,0,1.61
1,1,1,1,1.188
1,1,1,1,2.375
1,2,1,0,2.812
1,1,1,1,2.078
1,1,1,1,1.579
1,1,1,1,2.703
1,1,2,0,2.625
1,1,1,1,1.843
1,1,2,0,2.75
1,2,1,0,2.14
1,2,2,1,5.078
1,1,2,0,3.718
1,2,2,1,0.812
1,2,2,1,2.781
1,2,2,1,2.344
1,2,2,1,2.266
1,2,2,1,1.468
1,2,2,1,2.109
1,2,1,0,4.031
1,1,2,0,2.922
1,2,2,1,2.797
1,2,2,1,1.484
1,2,1,0,5.469
1,1,2,0,3.235
1,2,1,0,2.156
1,1,1,1,2.125
1,2,2,1,0.797
1,1,1,1,2.594
1,2,1,0,3.344
1,2,1,0,2.578
1,2,2,1,1.844
1,1,1,1,3.109
1,1,1,1,2.734
1,2,1,0,2.938
1,2,2,1,2.469
1,1,1,1,5.047
1,1,2,0,2.313
1,1,1,1,1.64
1,2,1,0,3.235
1,1,1,1,2.969
1,2,2,1,1.125
1,2,2,1,1.641
1,2,2,1,1.937
1,1,1,1,1.188
1,2,2,1,1.281
1,1,2,0,2.469
1,1,1,1,2.265
1,1,2,0,4.062
1,1,2,0,5.281
1,2,2,1,1.515
1,2,2,1,4.391
1,2,2,1,1.453
1,1,1,1,2.562
1,2,2,1,6.438
1,1,1,1,2.282
1,1,2,0,5.079
1,2,2,1,2.672
1,1,1,1,1.484
1,1,2,0,2
1,1,2,0,3.297
1,2,1,0,1.922
1,2,2,1,1.485
1,2,2,1,4.922
1,1,1,1,2.078
1,2,1,0,1.563
1,2,1,0,2.343
1,1,2,0,2.485
1,1,1,1,1.484
1,2,2,1,3.469
1,1,1,1,1.297
1,2,2,1,1.64
1,2,2,1,1.219
1,1,2,0,2.015
1,2,1,0,1.672
1,2,1,0,1.703
1,2,1,0,1.594
1,2,2,1,1.422
1,2,2,1,1.391
1,1,2,0,2.781
1,2,2,1,1.266
1,2,2,1,4.609
1,2,1,0,1.219
1,1,2,0,2.328
1,2,2,1,2.063
1,2,2,1,2.984
1,1,1,1,1.563
1,1,1,1,1.36
1,2,1,0,2.031
1,1,2,0,2.281
1,1,1,1,2.422
1,2,1,0,1.391
1,2,1,0,1.297
1,1,2,0,1.484
1,1,1,1,4.688
1,2,1,0,1.422
1,2,2,1,1.188
1,1,1,1,2.031
1,1,2,0,1.687
1,1,2,0,1.422
1,2,1,0,1.109
1,2,2,1,1.547
1,1,2,0,1.719
1,2,1,0,2.312
1,1,1,1,1.719
1,2,2,1,2.125
13,1,1,1,1.796
13,1,1,1,1.5
13,1,1,1,2.047
13,2,2,1,1.219
13,1,1,1,1.062
13,2,2,1,1.218
13,2,2,1,1.359
13,2,2,1,1.188
13,1,1,1,0.985
13,2,2,1,1.031
13,1,1,1,1.703
13,1,1,1,0.875
13,2,2,1,0.969
13,2,2,1,1.859
13,2,2,1,1.297
13,2,2,1,1.438
13,1,1,1,2.875
13,1,1,1,1.141
13,1,1,1,1
13,2,2,1,1.625
13,2,2,1,1.203
13,2,2,1,1.907
13,2,2,1,1.438
13,1,1,1,1.344
13,1,2,0,1.953
13,1,1,1,3.344
13,1,1,1,0.969
13,2,2,1,1.594
13,1,1,1,1.187
13,2,2,1,1.078
13,2,2,1,1.344
13,2,2,1,3.641
13,2,2,1,2.25
13,2,1,0,2.391
13,2,2,1,1.031
13,2,2,1,2.016
13,1,1,1,1
13,1,1,1,1.562
13,2,2,1,1.328
13,1,1,1,1.594
13,2,2,1,1.188
13,1,1,1,1.453
13,2,2,1,0.906
13,1,2,0,2.625
13,2,2,1,1
13,2,2,1,1.094
13,1,1,1,1.094
13,1,1,1,1.406
13,2,2,1,2.547
13,1,1,1,1.359
13,2,2,1,1.61
13,2,2,1,1.156
13,2,2,1,1.094
13,1,1,1,2.5
13,1,1,1,1.563
13,1,1,1,1.328
13,2,2,1,1.125
13,2,1,0,2.453
13,2,2,1,0.953
13,1,1,1,0.89
13,1,1,1,2.109
13,2,2,1,0.891
13,2,1,0,3.422
13,1,1,1,1.437
13,1,1,1,0.984
13,1,1,1,3.625
13,1,1,1,1.704
13,2,2,1,0.985
13,1,1,1,1.078
13,1,1,1,2.5
13,2,2,1,0.875
13,1,1,1,1.203
13,2,2,1,1.531
13,1,1,1,1.438
13,2,2,1,1.093
13,1,1,1,1.687
13,2,2,1,2.875
13,1,1,1,1.563
13,2,2,1,2.672
13,2,2,1,0.782
13,2,2,1,2.969
13,1,2,0,2.25
13,2,1,0,1.375
13,2,2,1,1.047
13,1,1,1,3.031
13,2,2,1,1.062
13,1,2,0,1.235
13,1,1,1,1.813
13,1,1,1,2.453
13,2,2,1,1.938
13,1,2,0,1.75
13,2,2,1,1.343
13,1,1,1,3.922
13,1,1,1,1.515
13,2,2,1,0.859
13,1,1,1,1.11
13,1,1,1,1.438
13,2,2,1,1.015
13,1,1,1,2.484
13,2,2,1,1.438
13,2,2,1,1.282
13,1,2,0,2.047
13,2,2,1,1.875
13,2,2,1,1.469
13,2,1,0,1.453
13,1,2,0,1.75
13,1,1,1,1.578
13,2,2,1,2.656
13,1,2,0,2.141
13,2,2,1,2.094
13,1,1,1,2.922
13,2,1,0,1.5
13,1,2,0,1.485
13,1,2,0,1.922
13,1,1,1,1
13,1,1,1,2.312
13,1,1,1,1.359
13,2,2,1,1.375
13,2,2,1,1.766
13,2,2,1,1.391
13,1,1,1,1.703
13,1,2,0,1.453
13,1,1,1,1.375
13,1,2,0,1.562
13,2,2,1,1.453
13,1,1,1,1.781
13,2,1,0,1.156
13,1,2,0,3.375
13,2,2,1,1.391
13,2,1,0,1.765
13,2,1,0,3
13,2,2,1,1.063
13,1,1,1,1.156
13,2,1,0,1.75
13,1,2,0,2.047
13,1,2,0,1.563
13,1,1,1,1.25
13,1,1,1,1.75
13,2,2,1,2.844
13,2,1,0,2.375
13,1,1,1,1.5
13,1,2,0,1.781
13,2,2,1,2.156
13,1,1,1,1.75
13,1,2,0,1.875
13,1,1,1,2.078
13,1,1,1,1.453
13,2,2,1,3.563
13,2,2,1,1.719
13,2,2,1,3.391
13,1,1,1,2.25
13,1,1,1,2.563
13,1,2,0,1.641
13,1,2,0,1.735
13,2,1,0,2.218
13,1,1,1,1.656
13,2,2,1,2.828
13,1,2,0,4.562
13,1,1,1,2.437
13,2,2,1,1.141
14,2,2,1,2.844
14,1,1,1,2.5
14,2,2,1,3.281
14,1,1,1,1.578
14,1,1,1,1.109
14,2,2,1,1.75
14,1,1,1,1.282
14,2,1,0,3.422
14,2,2,1,2.562
14,2,2,1,1.203
14,2,2,1,1.906
14,1,1,1,1.531
14,2,2,1,1.86
14,1,1,1,1.953
14,2,2,1,1
14,2,1,0,4.875
14,2,2,1,2.312
14,1,1,1,1.844
14,1,1,1,2.11
14,1,1,1,1.656
14,1,1,1,1.359
14,2,2,1,1.734
14,1,1,1,1.203
14,2,2,1,1.688
14,1,1,1,1.484
14,2,2,1,1.531
14,2,2,1,0.984
14,2,2,1,1.797
14,1,1,1,1.328
14,2,2,1,2.266
14,1,1,1,2.156
14,2,2,1,1.266
14,1,1,1,0.812
14,2,2,1,1.968
14,2,1,0,2.188
14,2,2,1,0.891
14,1,2,0,4.141
14,2,2,1,3.375
14,2,2,1,2.438
14,1,1,1,1.11
14,1,1,1,3.235
14,2,2,1,1.469
14,2,2,1,2.047
14,1,1,1,1.141
14,1,1,1,0.735
14,2,2,1,2.25
14,2,2,1,1.953
14,2,2,1,1.265
14,1,1,1,3.969
14,1,1,1,1.172
14,1,1,1,1.734
14,2,2,1,1.047
14,2,1,0,2.688
14,1,1,1,1.406
14,2,2,1,2.406
14,1,1,1,1.078
14,1,1,1,1.454
14,2,2,1,1.891
14,2,2,1,0.938
14,1,1,1,1.094
14,1,1,1,1.297
14,1,1,1,1.266
14,2,2,1,3.031
14,2,2,1,1.641
14,1,1,1,1.344
14,2,2,1,0.875
14,2,1,0,1.969
14,1,1,1,1.687
14,2,2,1,2.454
14,1,1,1,1.563
14,1,1,1,2.828
14,1,1,1,0.891
14,2,2,1,2.86
14,1,1,1,1.735
14,1,1,1,2.219
14,2,2,1,1.359
14,1,1,1,1.437
14,1,1,1,1.594
14,1,2,0,3.36
14,2,1,0,1.313
14,2,2,1,1.484
14,1,1,1,2.172
14,1,2,0,1.593
14,2,2,1,1.344
14,1,1,1,1.75
14,1,1,1,2.203
14,2,2,1,2.031
14,1,2,0,1.094
14,2,1,0,3.344
14,1,1,1,2.594
14,2,2,1,1.734
14,1,1,1,1.625
14,2,2,1,2.36
14,2,1,0,2.078
14,1,1,1,1.203
14,1,1,1,1.906
14,1,2,0,2.641
14,1,1,1,1.828
14,2,2,1,1.484
14,1,1,1,2.5
14,1,1,1,2.062
14,2,2,1,2.546
14,2,1,0,1.735
14,1,1,1,1.562
14,2,2,1,1.172
14,1,1,1,1.313
14,2,2,1,3.234
14,2,1,0,1.328
14,1,2,0,1.625
14,2,1,0,1.828
14,1,2,0,2.016
14,1,1,1,1.265
14,1,1,1,2.156
14,1,2,0,2.266
14,2,2,1,2.25
14,2,2,1,1.36
14,1,1,1,2.594
14,1,2,0,1.5
14,2,2,1,2.203
14,2,1,0,3
14,1,1,1,1.407
14,1,1,1,1.672
14,1,1,1,2.657
14,1,2,0,1.859
14,1,2,0,1.828
14,1,1,1,1.469
14,2,2,1,1.656
14,1,2,0,3.281
14,1,1,1,1.89
14,1,1,1,4.75
14,2,2,1,1.469
14,1,1,1,1.265
14,1,1,1,1.313
14,1,2,0,2.015
14,2,1,0,1.235
14,2,1,0,1.547
14,2,1,0,2.312
14,1,1,1,1.032
14,1,1,1,1.672
14,2,2,1,2.438
14,2,1,0,1.969
14,2,2,1,1.484
14,2,1,0,3.641
14,2,2,1,1.485
14,1,1,1,1.61
14,2,2,1,1.454
14,1,2,0,3
14,2,1,0,1.469
14,1,2,0,1.282
14,1,2,0,1.688
14,2,2,1,2.093
14,1,2,0,0.891
14,1,1,1,2.156
14,2,1,0,0.922
14,2,2,1,1.25
14,2,1,0,2.296
14,2,1,0,1.062
14,2,2,1,1.75
15,1,1,1,2.89
15,2,2,1,1.125
15,2,2,1,1.016
15,2,2,1,1.094
15,1,1,1,1.546
15,2,2,1,3.109
15,2,2,1,1.641
15,1,1,1,1.406
15,2,2,1,0.828
15,2,2,1,0.953
15,2,2,1,0.969
15,2,2,1,0.797
15,1,1,1,2.187
15,1,1,1,0.719
15,1,1,1,0.984
15,1,1,1,2.735
15,1,1,1,1.031
15,1,1,1,1.578
15,2,2,1,2.343
15,1,1,1,3.282
15,1,1,1,1.515
15,1,1,1,2.062
15,1,2,0,2.219
15,2,2,1,4.656
15,2,2,1,0.766
15,1,2,0,1.765
15,2,2,1,1.953
15,2,1,0,2.344
15,1,1,1,1.188
15,1,1,1,2.875
15,2,2,1,0.937
15,2,2,1,1.282
15,2,1,0,1.75
15,1,1,1,1.656
15,2,2,1,2.813
15,2,2,1,0.875
15,1,1,1,1.484
15,1,1,1,1.266
15,1,1,1,2.093
15,2,2,1,1.969
15,1,1,1,1.453
15,1,1,1,1.188
15,1,1,1,3.765
15,2,2,1,4.218
15,1,1,1,2.844
15,2,2,1,1.688
15,1,1,1,1.421
15,2,2,1,0.859
15,1,2,0,1.719
15,2,2,1,1.718
15,1,1,1,2.578
15,2,2,1,0.921
15,2,2,1,1.86
15,2,2,1,1
15,1,1,1,1.156
15,2,1,0,2.344
15,1,1,1,1.36
15,1,1,1,0.781
15,1,1,1,2.094
15,1,1,1,1.75
15,2,2,1,0.86
15,2,2,1,0.875
15,2,2,1,1.86
15,1,1,1,1.25
15,1,2,0,1.906
15,2,2,1,0.657
15,1,1,1,1.172
15,1,1,1,1.594
15,2,1,0,1.984
15,1,1,1,2.485
15,2,2,1,1.687
15,2,2,1,1.969
15,1,1,1,1.234
15,2,2,1,1.141
15,2,1,0,1.094
15,2,2,1,0.859
15,1,1,1,1.25
15,2,2,1,2.781
15,1,1,1,4
15,2,2,1,2.312
15,2,2,1,1.828
15,2,2,1,1.609
15,1,1,1,0.969
15,2,2,1,1.563
15,1,2,0,0.906
15,2,1,0,1.594
15,1,1,1,2.328
15,1,2,0,1.016
15,1,1,1,1.156
15,1,2,0,1.406
15,1,2,0,2.672
15,1,1,1,2.172
15,1,1,1,0.938
15,2,2,1,1.047
15,2,1,0,1.25
15,1,1,1,1.5
15,1,2,0,1.016
15,1,2,0,1.344
15,2,1,0,1.985
15,2,1,0,1.391
15,1,1,1,1.266
15,2,2,1,1.5
15,2,1,0,1.844
15,1,1,1,3.547
15,1,2,0,0.937
15,1,1,1,1.625
15,1,2,0,1.937
15,1,1,1,1.86
15,1,1,1,0.922
15,1,1,1,1.204
15,1,1,1,1.906
15,1,2,0,1.75
15,2,2,1,0.985
15,2,2,1,0.797
15,1,2,0,1.453
15,1,1,1,1.016
15,2,1,0,1.14
15,2,1,0,0.797
15,2,1,0,1.062
15,2,2,1,0.781
15,1,1,1,0.844
15,1,1,1,1.766
15,1,1,1,1.297
15,1,1,1,1.078
15,2,2,1,0.984
15,2,1,0,1.765
15,1,1,1,1.297
15,2,1,0,0.953
15,2,2,1,1.265
15,1,1,1,1.046
15,1,2,0,0.953
15,2,2,1,1.063
15,2,2,1,1.063
15,1,1,1,1.281
15,1,1,1,0.86
15,2,2,1,0.813
15,2,1,0,1.078
15,1,2,0,0.891
15,1,1,1,1.047
15,2,2,1,0.953
15,2,1,0,0.86
15,2,1,0,0.953
15,2,2,1,0.688
15,2,1,0,0.843
15,2,2,1,0.609
15,1,2,0,0.797
15,2,1,0,0.578
15,2,1,0,0.922
15,2,2,1,0.641
15,2,1,0,0.656
15,1,1,1,0.875
15,1,1,1,1.781
15,2,1,0,1.578
15,1,2,0,1.265
15,1,1,1,1.031
15,1,1,1,1.422
15,1,2,0,0.766
15,1,1,1,1.422
16,1,1,1,1.5
16,1,1,1,1.078
16,2,2,1,2.657
16,1,1,1,0.985
16,2,2,1,0.875
16,1,1,1,0.797
16,1,1,1,2
16,2,2,1,2.281
16,1,1,1,1.031
16,1,1,1,1.265
16,1,1,1,2.609
16,1,1,1,1.109
16,1,1,1,1.031
16,2,2,1,1.203
16,1,1,1,0.938
16,2,2,1,1.407
16,2,2,1,1.125
16,1,1,1,1.266
16,1,1,1,1.328
16,1,1,1,1.047
16,2,2,1,2.485
16,2,2,1,1.375
16,2,2,1,1.172
16,1,1,1,2.265
16,1,1,1,2.844
16,1,1,1,1.547
16,2,2,1,1.109
16,2,2,1,1.469
16,2,2,1,1.375
16,1,1,1,1.063
16,2,2,1,5.203
16,1,1,1,0.812
16,1,1,1,1.453
16,2,2,1,1.234
16,2,2,1,1.11
16,1,1,1,1.11
16,2,2,1,2.344
16,1,1,1,0.859
16,1,1,1,1.468
16,1,1,1,0.922
16,2,2,1,1.234
16,2,2,1,3.453
16,1,1,1,1.141
16,1,1,1,1.5
16,1,1,1,5.938
16,2,2,1,3.234
16,2,2,1,2.281
16,1,1,1,0.782
16,1,1,1,6.453
16,1,1,1,1.14
16,1,1,1,1.062
16,1,1,1,1.25
16,2,2,1,2.61
16,1,1,1,4.516
16,2,2,1,1.265
16,1,1,1,1.922
16,1,1,1,2.86
16,1,2,0,9.172
16,1,1,1,1.375
16,2,2,1,1.609
16,1,1,1,2.016
16,1,1,1,1.438
16,1,1,1,1.625
16,2,2,1,1.218
16,2,2,1,6.328
16,1,1,1,1.422
16,2,2,1,1.172
16,2,2,1,0.797
16,1,1,1,2.344
16,2,2,1,6.203
16,1,1,1,6.531
16,1,1,1,1.14
16,2,1,0,2.688
16,1,1,1,0.984
16,2,2,1,1.531
16,2,2,1,2.672
16,1,1,1,1.969
16,1,1,1,2.719
16,1,1,1,1.937
16,1,1,1,2.547
16,2,2,1,3
16,1,2,0,4.125
16,2,2,1,0.937
16,1,1,1,2.063
16,1,1,1,1.954
16,2,1,0,2.782
16,2,2,1,1.641
16,2,2,1,2.172
16,2,2,1,1.422
16,2,2,1,1.484
16,1,2,0,3.031
16,1,2,0,2.781
16,1,2,0,2.078
16,2,2,1,5.39
16,2,2,1,1.672
16,2,2,1,1.25
16,1,1,1,2.219
16,2,2,1,1.5
16,2,1,0,1.188
16,2,2,1,1.984
16,2,2,1,6.641
16,1,1,1,2.625
16,1,1,1,1.891
16,1,1,1,3.578
16,2,1,0,4.687
16,2,1,0,1.641
16,1,2,0,0.735
16,1,1,1,2.109
16,2,2,1,2.078
16,1,1,1,3.469
16,2,2,1,2.75
16,1,1,1,2.5
16,2,1,0,2.703
16,1,2,0,3.172
16,1,1,1,1.078
16,2,2,1,0.921
16,2,2,1,0.922
16,2,2,1,2.64
16,2,2,1,1.438
16,1,1,1,2.157
16,1,1,1,3.61
16,2,2,1,2.266
16,2,2,1,2.5
16,1,2,0,2.359
16,2,2,1,6.453
16,1,2,0,2.266
16,1,2,0,3.594
16,1,1,1,3.594
16,1,2,0,4.235
16,2,2,1,7.796
16,1,2,0,4.969
16,1,1,1,4.344
16,1,1,1,2.062
16,1,1,1,3.359
16,1,1,1,1.516
16,1,2,0,5.813
16,1,1,1,7.281
16,2,1,0,2.781
16,2,2,1,3.203
16,1,1,1,2.75
16,1,1,1,1.453
16,1,1,1,4.844
16,2,1,0,2.25
16,1,2,0,4.359
16,1,1,1,1.703
16,1,2,0,5.75
16,1,1,1,2.485
16,1,1,1,1.609
16,1,2,0,6.328
16,1,2,0,1.953
16,1,2,0,2.547
16,2,2,1,2.687
16,2,2,1,4.5
16,1,2,0,1.812
16,2,2,1,2.641
16,1,1,1,3.672
16,1,1,1,1.766
16,2,2,1,1.391
17,1,2,0,2.281
17,2,2,1,1.312
17,1,1,1,0.859
17,1,1,1,1.203
17,2,2,1,1.125
17,2,2,1,1.234
17,2,2,1,1
17,2,2,1,1.157
17,2,2,1,2.172
17,2,2,1,1.297
17,1,1,1,1.625
17,2,2,1,2.062
17,2,2,1,1.328
17,1,1,1,2.703
17,1,1,1,2.015
17,1,1,1,1.547
17,2,2,1,1.313
17,1,1,1,1.188
17,1,1,1,1.078
17,2,1,0,2
17,2,2,1,2.187
17,2,2,1,1.078
17,2,2,1,1.375
17,1,2,0,1.547
17,1,1,1,1.453
17,2,2,1,1.516
17,2,2,1,1.094
17,2,2,1,0.796
17,2,2,1,0.828
17,1,1,1,1.515
17,1,1,1,2.265
17,1,1,1,1.047
17,1,1,1,0.985
17,2,2,1,0.985
17,2,1,0,1.829
17,1,1,1,0.86
17,2,2,1,1.063
17,2,2,1,2.063
17,1,2,0,1.235
17,1,1,1,1.704
17,1,2,0,2.547
17,2,2,1,1.453
17,1,1,1,1.25
17,1,1,1,2
17,2,2,1,1.313
17,1,1,1,2.032
17,2,2,1,1.36
17,1,1,1,1.125
17,2,2,1,2.656
17,2,2,1,1.266
17,2,2,1,0.844
17,1,1,1,0.875
17,1,1,1,1.188
17,2,2,1,2.016
17,2,2,1,3.281
17,2,2,1,1.359
17,2,2,1,1.578
17,2,2,1,1.657
17,1,1,1,1.109
17,2,2,1,1.422
17,1,2,0,1.422
17,1,1,1,1.594
17,2,2,1,3.734
17,1,1,1,1.297
17,2,2,1,2.141
17,1,1,1,0.968
17,2,1,0,1.703
17,1,2,0,1.578
17,2,2,1,1.579
17,1,1,1,2.297
17,2,1,0,2.562
17,2,2,1,1.484
17,2,2,1,1.156
17,1,1,1,1.734
17,2,2,1,0.938
17,1,1,1,1.235
17,2,2,1,1.079
17,2,2,1,1.844
17,1,1,1,1.438
17,2,2,1,3.297
17,1,1,1,0.922
17,2,2,1,1.312
17,1,1,1,1
17,1,2,0,1.344
17,2,1,0,0.938
17,2,1,0,1.875
17,1,1,1,1.25
17,1,1,1,1.422
17,2,2,1,1.422
17,1,1,1,1.719
17,2,2,1,1.015
17,2,2,1,1.453
17,1,1,1,2.031
17,1,1,1,1.078
17,1,1,1,1.219
17,2,1,0,1.141
17,1,2,0,1.094
17,2,2,1,1.281
17,1,1,1,1.265
17,2,2,1,0.828
17,1,1,1,2.719
17,2,2,1,0.812
17,2,2,1,1.032
17,2,2,1,0.938
17,2,2,1,2.078
17,2,2,1,2
17,2,2,1,1.172
17,1,2,0,1.421
17,2,1,0,0.906
17,2,2,1,1.641
17,2,2,1,1.328
17,1,1,1,1.11
17,2,2,1,1.437
17,1,2,0,2.562
17,1,1,1,1.234
17,1,2,0,0.969
17,2,1,0,1.562
17,1,2,0,1.078
17,2,2,1,2.5
17,1,2,0,1.171
17,2,2,1,0.875
17,1,1,1,1.391
17,2,2,1,3.391
17,1,2,0,1.765
17,1,1,1,1.047
17,2,2,1,2.031
17,1,1,1,1.516
17,2,1,0,1.422
17,1,1,1,1.5
17,2,1,0,0.89
17,2,1,0,1.406
17,2,2,1,1.656
17,1,1,1,1.469
17,2,2,1,2.594
17,2,2,1,3.468
17,2,1,0,1.468
17,1,1,1,1.813
17,2,2,1,2.063
17,1,2,0,1.125
17,1,1,1,1.953
17,2,1,0,2.234
17,1,2,0,1.391
17,2,2,1,3.219
17,2,2,1,1.406
17,2,2,1,0.984
17,1,1,1,1.219
17,1,2,0,1.375
17,2,1,0,1.843
17,2,1,0,2.485
17,2,1,0,1.157
17,2,2,1,1.141
17,2,1,0,1.406
17,2,2,1,1.078
17,2,2,1,0.843
17,1,2,0,2.313
17,1,2,0,1.469
17,2,1,0,1.157
17,2,2,1,1.188
18,2,2,1,2.672
18,2,2,1,3.172
18,2,2,1,1.938
18,1,1,1,1.812
18,2,2,1,4.156
18,1,1,1,1.516
18,2,2,1,2.375
18,2,2,1,1.969
18,1,1,1,2.516
18,2,2,1,2.547
18,2,1,0,5.234
18,1,1,1,1.547
18,2,2,1,1.266
18,1,1,1,0.922
18,1,1,1,1.235
18,1,1,1,0.907
18,2,2,1,0.922
18,2,2,1,4.141
18,1,1,1,1.828
18,2,2,1,3.047
18,2,2,1,2.344
18,1,1,1,2.922
18,2,2,1,1.25
18,1,1,1,1.953
18,1,1,1,0.844
18,1,1,1,1.015
18,2,2,1,2.718
18,1,1,1,2.484
18,1,1,1,2.718
18,1,1,1,2.766
18,2,2,1,3.781
18,1,1,1,3.219
18,1,1,1,1.36
18,1,1,1,3.031
18,1,1,1,3.688
18,1,1,1,2.047
18,1,1,1,0.844
18,2,2,1,3.672
18,1,1,1,1.047
18,2,1,0,2.281
18,1,1,1,2.938
18,2,1,0,2.953
18,2,1,0,1.359
18,1,1,1,1.313
18,2,2,1,1.141
18,1,1,1,4.719
18,2,2,1,3.719
18,2,2,1,3.516
18,2,2,1,1.75
18,1,1,1,3.968
18,1,1,1,1.843
18,1,1,1,1.218
18,1,1,1,0.75
18,1,1,1,2.875
18,1,1,1,2.937
18,2,2,1,4.813
18,2,2,1,1.906
18,1,1,1,0.859
18,2,2,1,5.406
18,2,2,1,1.61
18,2,1,0,3.422
18,2,1,0,2.985
18,2,2,1,1.516
18,2,2,1,4.016
18,1,1,1,0.969
18,1,1,1,2.422
18,1,1,1,1.547
18,2,2,1,2.594
18,1,1,1,2.063
18,1,2,0,1.563
18,1,1,1,2.031
18,1,1,1,3.407
18,2,2,1,1.609
18,2,2,1,1.672
18,1,2,0,7.406
18,1,1,1,2.218
18,1,1,1,1.328
18,2,2,1,2.453
18,1,1,1,0.954
18,1,1,1,2.562
18,1,1,1,1.75
18,1,1,1,1.39
18,1,1,1,2.219
18,1,1,1,1.312
18,2,2,1,0.922
18,1,1,1,1.875
18,1,1,1,0.954
18,2,2,1,2.281
18,1,1,1,1.687
18,1,1,1,1.328
18,2,2,1,1.172
18,2,1,0,1.89
18,2,1,0,1.39
18,2,1,0,2.453
18,1,2,0,1.453
18,1,1,1,1.922
18,2,1,0,3.234
18,2,2,1,1.782
18,2,1,0,4.594
18,1,1,1,1.703
18,2,1,0,1.609
18,2,1,0,1.532
18,1,1,1,2.453
18,1,2,0,1.891
18,1,1,1,1
18,2,1,0,1.734
18,1,1,1,0.859
18,2,1,0,1.859
18,2,2,1,2.844
18,1,1,1,4
18,2,2,1,1.407
18,2,2,1,2
18,2,1,0,3.39
18,2,1,0,1.579
18,1,1,1,1.719
18,2,2,1,1.86
18,2,2,1,1.125
18,1,1,1,3
18,2,2,1,2
18,2,2,1,1.407
18,2,2,1,1.469
18,2,1,0,1.672
18,1,2,0,2.109
18,2,1,0,2.485
18,2,2,1,1.734
18,2,2,1,3.031
18,1,1,1,4.047
18,2,2,1,0.859
18,2,2,1,1.125
18,1,1,1,2.64
18,2,1,0,2.484
18,2,1,0,0.953
18,2,1,0,1.891
18,1,1,1,2.625
18,2,2,1,2.328
18,1,2,0,1.203
18,1,1,1,0.797
18,1,1,1,2.859
18,1,1,1,1.344
18,2,2,1,1.796
18,2,1,0,1.329
18,2,2,1,2.156
18,1,1,1,0.859
18,2,2,1,1.407
18,2,2,1,1.828
18,1,1,1,2.719
18,2,1,0,1.5
18,2,1,0,1.844
18,1,2,0,1.547
18,2,2,1,1.125
18,2,2,1,1.422
18,2,1,0,2.046
18,2,1,0,1.704
18,2,1,0,1.062
18,1,1,1,1.703
18,1,2,0,1.594
18,2,2,1,1.219
18,1,1,1,3.265
18,2,1,0,3.656
18,1,2,0,2.625
19,2,2,1,0.875
19,2,2,1,1.187
19,1,1,1,0.797
19,1,1,1,1
19,2,2,1,1.047
19,2,2,1,1.172
19,2,2,1,1.125
19,2,2,1,1.156
19,2,2,1,0.766
19,2,2,1,1.391
19,1,1,1,0.89
19,2,2,1,0.843
19,1,1,1,1.656
19,2,2,1,0.812
19,2,2,1,1.172
19,2,2,1,1.063
19,1,2,0,1.266
19,1,1,1,1
19,2,2,1,0.812
19,2,2,1,1.109
19,1,1,1,1.078
19,1,1,1,1.484
19,1,1,1,0.922
19,1,1,1,1.703
19,1,1,1,1.218
19,1,1,1,1.734
19,2,2,1,1.094
19,2,2,1,0.938
19,2,2,1,1.156
19,1,1,1,1.188
19,1,1,1,1.938
19,1,1,1,1.062
19,2,1,0,1.594
19,1,1,1,1.859
19,1,1,1,2.015
19,2,2,1,1.734
19,2,2,1,1.062
19,2,1,0,1.766
19,1,1,1,0.719
19,2,2,1,0.765
19,2,2,1,0.719
19,1,1,1,0.985
19,1,1,1,0.984
19,2,2,1,2.031
19,1,2,0,1.109
19,1,1,1,0.875
19,2,2,1,1.031
19,1,2,0,1.391
19,1,1,1,1.047
19,1,2,0,1.438
19,1,1,1,0.984
19,2,2,1,0.937
19,2,2,1,1.406
19,2,1,0,0.891
19,1,1,1,1.531
19,2,2,1,1.25
19,1,1,1,2.718
19,1,1,1,2.093
19,1,1,1,1.75
19,2,2,1,2.391
19,2,2,1,1.015
19,1,1,1,1.563
19,1,1,1,2.203
19,1,1,1,0.782
19,1,1,1,1.328
19,2,2,1,1.094
19,1,1,1,2.031
19,2,2,1,1.531
19,2,2,1,1.39
19,2,2,1,0.812
19,1,1,1,1.078
19,1,1,1,0.859
19,1,1,1,1.359
19,1,1,1,1.75
19,1,1,1,1.5
19,2,2,1,1.375
19,1,1,1,1.016
19,2,1,0,1.156
19,1,1,1,0.813
19,2,2,1,1.156
19,1,2,0,0.765
19,1,1,1,0.954
19,2,2,1,1.218
19,1,1,1,0.875
19,1,1,1,1.516
19,2,1,0,1.141
19,1,1,1,1.156
19,2,2,1,1.203
19,1,1,1,1.563
19,2,2,1,1.031
19,1,1,1,1.172
19,1,1,1,1.125
19,1,1,1,1.485
19,2,2,1,1.172
19,2,2,1,1.016
19,1,2,0,1.438
19,2,2,1,1.188
19,1,1,1,1.39
19,1,1,1,1.25
19,1,2,0,1.735
19,1,2,0,1.359
19,2,2,1,1.032
19,2,2,1,1.265
19,2,2,1,1.312
19,1,2,0,1.5
19,1,2,0,2.25
19,1,2,0,1.359
19,1,1,1,1.688
19,2,1,0,1.469
19,2,2,1,1.984
19,2,2,1,0.797
19,1,2,0,1.062
19,1,2,0,1.109
19,2,2,1,1.391
19,2,2,1,1.281
19,1,1,1,0.953
19,1,2,0,1.594
19,1,2,0,0.797
19,2,2,1,1.375
19,2,1,0,0.969
19,2,2,1,1.094
19,2,2,1,0.985
19,2,2,1,1.203
19,1,1,1,1.734
19,1,1,1,1.375
19,1,2,0,1.672
19,2,2,1,1.359
19,1,2,0,1.688
19,2,1,0,1.391
19,2,2,1,0.921
19,1,1,1,1.203
19,1,2,0,1.547
19,2,2,1,0.891
19,1,1,1,1.094
19,1,2,0,1.687
19,1,2,0,2.312
19,2,2,1,0.735
19,1,1,1,2
19,2,1,0,0.75
19,2,2,1,1.187
19,1,1,1,1.172
19,2,2,1,1.578
19,2,1,0,1.969
19,2,1,0,1.14
19,2,2,1,1.047
19,2,2,1,1.156
19,1,1,1,1.156
19,1,2,0,1.657
19,1,1,1,0.953
19,2,1,0,1.453
19,2,2,1,1.579
19,1,1,1,1
19,2,1,0,1.266
19,2,1,0,1.578
19,2,2,1,1.969
19,2,2,1,2.063
20,2,2,1,3.703
20,1,1,1,1.281
20,1,1,1,1.39
20,1,1,1,1.375
20,1,1,1,1.391
20,2,1,0,4.109
20,1,1,1,2.469
20,2,1,0,2.437
20,2,2,1,1.375
20,2,2,1,2.046
20,2,2,1,3.672
20,1,1,1,1.843
20,1,1,1,1.391
20,2,2,1,3
20,2,2,1,1.625
20,1,1,1,2.313
20,1,1,1,1.921
20,2,1,0,1.641
20,2,2,1,1.578
20,1,1,1,1.766
20,2,2,1,1.188
20,2,2,1,1.641
20,2,1,0,1.282
20,1,1,1,1.75
20,2,2,1,2.125
20,1,1,1,1.266
20,2,2,1,1.39
20,2,2,1,1.219
20,1,1,1,1.578
20,2,2,1,1.532
20,2,2,1,1.469
20,1,2,0,3.5
20,1,1,1,1.281
20,1,1,1,1.531
20,2,2,1,1.843
20,2,2,1,2.766
20,1,1,1,2.766
20,1,1,1,1.313
20,2,2,1,1.703
20,1,1,1,1.407
20,2,1,0,2.078
20,2,2,1,2.906
20,2,2,1,2.344
20,2,1,0,2.485
20,1,2,0,1.453
20,1,1,1,2.187
20,2,2,1,2.937
20,1,2,0,1.453
20,2,2,1,2.859
20,2,2,1,1.375
20,1,1,1,1.094
20,1,1,1,1.297
20,1,2,0,1.422
20,1,2,0,1.766
20,2,2,1,2.266
20,2,1,0,2.359
20,2,2,1,1.593
20,1,1,1,2.453
20,2,1,0,2.14
20,1,1,1,2.375
20,2,2,1,1.437
20,2,2,1,1.313
20,2,2,1,3.094
20,1,1,1,1.953
20,1,1,1,2.391
20,2,2,1,1.781
20,1,1,1,2.125
20,2,2,1,1
20,2,2,1,1.391
20,1,1,1,2.203
20,2,2,1,0.844
20,2,2,1,3.5
20,1,1,1,1.641
20,1,1,1,1.812
20,2,2,1,2.343
20,1,2,0,2.656
20,2,2,1,4.375
20,2,2,1,3.718
20,2,2,1,2.469
20,1,1,1,2.141
20,1,1,1,1.312
20,2,2,1,1.187
20,1,1,1,1.812
20,1,1,1,1.672
20,2,2,1,2.282
20,1,2,0,2.469
20,1,2,0,2.813
20,2,1,0,1.062
20,2,1,0,1.656
20,1,1,1,1.406
20,2,1,0,2.062
20,1,2,0,0.891
20,1,1,1,1.563
20,1,1,1,4.469
20,1,1,1,1.719
20,1,1,1,1.14
20,2,2,1,0.985
20,2,2,1,1.828
20,1,1,1,1.875
20,2,1,0,2.047
20,1,2,0,1.437
20,1,2,0,1.86
20,2,1,0,1.141
20,2,2,1,3.234
20,1,1,1,1
20,2,1,0,1.453
20,2,2,1,1.797
20,2,2,1,1
20,1,1,1,1.844
20,1,1,1,1.328
20,2,2,1,1.016
20,1,1,1,1.188
20,2,1,0,1.875
20,1,1,1,1.203
20,2,1,0,4.469
20,1,2,0,1.703
20,2,1,0,1.39
20,1,2,0,1.812
20,1,1,1,1.438
20,1,1,1,1.516
20,1,2,0,1.875
20,1,1,1,1.781
20,2,2,1,1.469
20,1,1,1,1.922
20,1,1,1,1.281
20,2,1,0,2.609
20,1,2,0,1.438
20,1,1,1,1.813
20,1,1,1,1.484
20,1,1,1,1.078
20,1,2,0,1.156
20,1,2,0,1.125
20,1,1,1,1.062
20,2,1,0,1.704
20,1,1,1,3.25
20,2,2,1,1.063
20,2,2,1,1.015
20,1,2,0,1.25
20,2,1,0,1.14
20,1,2,0,2.078
20,1,1,1,0.954
20,2,2,1,0.906
20,2,1,0,0.906
20,1,1,1,1.454
20,2,1,0,1.188
20,2,1,0,1.281
20,1,1,1,2.718
20,1,1,1,1.016
20,2,2,1,1.016
20,1,2,0,1.437
20,1,2,0,1.032
20,1,1,1,1.563
20,2,1,0,1.328
20,2,1,0,1.171
20,2,2,1,1.937
20,2,2,1,1.187
20,1,2,0,1.406
20,2,2,1,1.516
21,2,2,1,1.203
21,2,2,1,1.609
21,1,1,1,2.062
21,1,1,1,0.812
21,1,1,1,1.047
21,2,2,1,0.719
21,1,1,1,1.406
21,1,1,1,2.766
21,1,1,1,0.843
21,1,2,0,1.266
21,2,1,0,1.125
21,2,2,1,0.922
21,1,1,1,1.313
21,1,1,1,1.078
21,2,2,1,1.875
21,1,1,1,0.922
21,1,1,1,0.875
21,2,2,1,1.984
21,1,1,1,0.953
21,2,2,1,1.187
21,2,2,1,1.062
21,2,2,1,1.672
21,2,2,1,0.937
21,1,1,1,1.156
21,1,2,0,2.453
21,1,1,1,1
21,1,1,1,2.422
21,2,2,1,2.297
21,1,1,1,1.187
21,2,2,1,1.797
21,2,2,1,1.547
21,2,2,1,1.234
21,1,1,1,1.172
21,1,1,1,0.938
21,2,2,1,0.812
21,1,1,1,1.219
21,2,2,1,1.39
21,2,2,1,0.828
21,2,2,1,1.437
21,2,2,1,1.469
21,2,2,1,1.125
21,1,1,1,1.39
21,2,2,1,0.906
21,2,2,1,0.906
21,1,2,0,1.657
21,1,1,1,2.532
21,2,2,1,1.156
21,2,2,1,2.313
21,1,2,0,1.422
21,1,2,0,1.437
21,1,2,0,1.14
21,1,1,1,1.219
21,1,1,1,1.641
21,1,2,0,1.453
21,2,2,1,1.391
21,2,2,1,1.016
21,2,2,1,1.375
21,2,2,1,1.422
21,2,2,1,1.031
21,2,1,0,1.328
21,1,1,1,1.859
21,1,1,1,1.828
21,2,1,0,1.36
21,1,1,1,1.532
21,2,2,1,1.656
21,2,1,0,1.344
21,2,2,1,1.922
21,2,1,0,1.406
21,1,1,1,1.094
21,1,1,1,1.266
21,2,2,1,1.312
21,2,1,0,1.594
21,1,1,1,0.891
21,2,2,1,1.579
21,1,2,0,1.203
21,1,1,1,1.281
21,2,2,1,1.172
21,2,2,1,1.047
21,2,2,1,1.687
21,1,2,0,1.078
21,1,1,1,1.109
21,1,2,0,1.235
21,1,1,1,2.063
21,2,1,0,2.515
21,2,2,1,1
21,2,2,1,1.187
21,1,1,1,2.515
21,2,2,1,1.313
21,1,1,1,1.313
21,1,1,1,1.781
21,2,2,1,2.016
21,2,1,0,1.297
21,1,2,0,1.688
21,1,1,1,1.25
21,1,1,1,1.594
21,1,2,0,1.094
21,1,2,0,1.25
21,2,1,0,1.156
21,1,2,0,1.516
21,1,2,0,1.281
21,1,2,0,1.329
21,2,2,1,1.657
21,1,1,1,1.422
21,2,2,1,2.265
21,2,1,0,1.078
21,2,2,1,1.485
21,2,2,1,1.343
21,2,2,1,0.859
21,1,2,0,1.547
21,1,1,1,1.297
21,2,1,0,0.953
21,2,2,1,1.11
21,2,2,1,1.125
21,2,2,1,1.891
21,2,2,1,1.079
21,2,2,1,1.89
21,1,1,1,1.281
21,2,2,1,1.672
21,2,2,1,1.422
21,1,2,0,1.344
21,1,2,0,1.11
21,1,1,1,1.391
21,2,1,0,1.188
21,2,1,0,1.937
21,2,1,0,1.172
21,1,2,0,0.953
21,2,1,0,2.219
21,2,1,0,1.047
21,2,1,0,1.406
21,2,1,0,1.25
21,1,2,0,2.141
21,1,2,0,0.875
21,2,2,1,0.984
21,1,1,1,1.188
21,2,1,0,1.812
21,2,1,0,1.344
21,1,2,0,1.015
21,1,1,1,1.469
21,1,2,0,1.125
21,2,1,0,1.829
21,1,2,0,1.765
21,1,1,1,1.063
21,2,2,1,1.781
21,2,1,0,1.234
21,1,1,1,0.922
21,1,2,0,1.265
21,2,1,0,1.297
21,1,2,0,0.766
21,1,1,1,0.765
21,2,2,1,2.094
21,2,2,1,1.359
21,1,2,0,1.5
21,2,2,1,1.609
21,1,1,1,2.266
21,1,2,0,1.515
21,1,1,1,1.234
21,2,2,1,1.047
21,1,2,0,1.562
21,2,2,1,1.469
22,2,2,1,1.938
22,1,1,1,1.469
22,2,2,1,1.359
22,2,2,1,0.875
22,1,1,1,2.594
22,2,2,1,1.093
22,2,2,1,1.531
22,1,1,1,1.172
22,1,1,1,1.157
22,2,2,1,1.188
22,2,2,1,1.047
22,1,1,1,0.875
22,2,2,1,1.782
22,1,1,1,0.969
22,2,2,1,3.218
22,1,1,1,1.141
22,1,1,1,1.407
22,1,1,1,0.891
22,2,2,1,1.016
22,2,2,1,0.968
22,1,1,1,0.953
22,2,2,1,1.031
22,1,1,1,1.218
22,2,2,1,1.25
22,1,1,1,2.031
22,1,1,1,0.937
22,2,2,1,1.281
22,1,1,1,1.25
22,2,2,1,1.297
22,2,2,1,1.578
22,2,2,1,1.25
22,2,2,1,1.484
22,1,1,1,1.438
22,1,1,1,0.953
22,2,2,1,1.125
22,2,2,1,1.062
22,1,1,1,1.547
22,1,1,1,1.375
22,2,2,1,1.156
22,2,2,1,0.812
22,2,2,1,1.156
22,2,2,1,2.25
22,2,2,1,0.86
22,2,2,1,0.953
22,1,2,0,3.984
22,2,2,1,2.625
22,1,1,1,0.89
22,1,1,1,1.453
22,2,1,0,1.484
22,2,1,0,1.953
22,2,2,1,1.219
22,1,1,1,1.094
22,1,2,0,2.141
22,1,1,1,1.813
22,2,2,1,1.125
22,2,2,1,1.062
22,2,2,1,1.375
22,1,1,1,1.875
22,2,2,1,1.625
22,2,2,1,2.234
22,1,1,1,1.204
22,1,1,1,1.172
22,2,2,1,3.25
22,1,1,1,1.609
22,2,2,1,2.015
22,2,2,1,0.859
22,1,1,1,1.984
22,1,1,1,0.828
22,1,1,1,1.218
22,1,2,0,3.156
22,1,2,0,2.719
22,1,1,1,1.36
22,2,2,1,1.313
22,1,1,1,1.609
22,2,2,1,1.219
22,2,2,1,1.5
22,2,2,1,1.297
22,1,1,1,1.297
22,2,2,1,1.515
22,2,2,1,2.219
22,2,2,1,2.531
22,1,1,1,1.843
22,2,2,1,1.969
22,2,2,1,1.343
22,2,2,1,0.984
22,2,2,1,0.89
22,2,2,1,2.078
22,1,1,1,1.797
22,2,2,1,1.047
22,2,2,1,2.141
22,2,1,0,1.797
22,1,2,0,3.094
22,1,2,0,2.156
22,1,1,1,1.219
22,1,2,0,1.5
22,2,1,0,1.813
22,2,1,0,1.187
22,1,2,0,2.125
22,1,1,1,1.125
22,1,2,0,2.422
22,2,1,0,1.875
22,2,1,0,2.062
22,1,2,0,1.437
22,2,2,1,1.672
22,2,1,0,1.672
22,2,2,1,2.89
22,1,1,1,1.422
22,2,2,1,1.281
22,2,1,0,1.563
22,2,1,0,0.86
22,2,2,1,1.469
22,2,2,1,1.547
22,1,1,1,1.89
22,1,1,1,0.719
22,2,2,1,0.844
22,1,1,1,2.719
22,2,1,0,1
22,2,2,1,1.141
22,1,1,1,1.656
22,2,2,1,1.266
22,2,1,0,1.046
22,2,1,0,1.281
22,2,1,0,0.953
22,2,1,0,2
22,1,1,1,2.125
22,1,1,1,3.235
22,1,1,1,2.047
22,2,2,1,1.359
22,2,2,1,2.968
22,1,1,1,2.203
22,1,1,1,1.75
22,1,1,1,1.547
22,1,2,0,1.828
22,1,2,0,1.203
22,1,1,1,1.438
22,2,1,0,1.984
22,2,2,1,3.094
22,2,1,0,2.282
22,2,2,1,1.141
22,2,2,1,1.734
22,2,2,1,2.188
22,1,1,1,2.531
22,2,2,1,1.594
22,2,1,0,2.515
22,2,2,1,2.75
22,1,1,1,1.234
22,2,2,1,2.843
22,2,2,1,2.125
22,1,2,0,1.797
22,2,1,0,2.562
22,2,2,1,1.219
22,2,2,1,1.906
22,2,1,0,1.406
22,1,1,1,1.031
22,2,1,0,3.672
22,1,1,1,2.39
22,1,2,0,1.282
22,2,1,0,1.922
22,1,2,0,2.297
22,2,1,0,2
23,2,1,0,1.61
23,1,1,1,0.985
23,1,1,1,1.86
23,1,1,1,1
23,1,1,1,0.969
23,1,1,1,1.344
23,2,1,0,1.844
23,2,1,0,1.125
23,2,2,1,1.422
23,1,1,1,1.297
23,1,2,0,1.61
23,1,2,0,1.125
23,1,1,1,1.094
23,2,2,1,1.062
23,1,2,0,1.609
23,1,1,1,1.859
23,2,2,1,0.875
23,1,1,1,1.063
23,2,2,1,1.985
23,1,1,1,1.5
23,1,1,1,1.828
23,2,2,1,1.079
23,2,2,1,1.36
23,1,1,1,0.828
23,2,2,1,1.406
23,1,1,1,1.797
23,1,1,1,1.688
23,1,1,1,0.75
23,2,2,1,1.14
23,1,1,1,0.719
23,2,2,1,2.297
23,2,2,1,1.375
23,2,2,1,1.344
23,1,1,1,1.922
23,2,1,0,0.859
23,2,1,0,2.578
23,2,2,1,0.813
23,2,2,1,1.422
23,1,2,0,1.281
23,1,1,1,1.703
23,2,1,0,1.672
23,2,2,1,1.328
23,2,1,0,1.594
23,2,1,0,2.203
23,1,1,1,2.438
23,2,2,1,1.437
23,2,2,1,1.218
23,1,1,1,0.891
23,1,1,1,1.703
23,1,2,0,2.328
23,2,2,1,1.688
23,2,2,1,1.906
23,2,1,0,2.734
23,2,2,1,1.531
23,2,2,1,2.906
23,2,2,1,1.859
23,2,2,1,1.406
23,2,2,1,1.328
23,1,2,0,1.813
23,1,2,0,2.969
23,1,2,0,1.594
23,1,2,0,2.125
23,1,1,1,1.14
23,1,1,1,1
23,1,1,1,2.297
23,2,2,1,1.406
23,1,1,1,1.281
23,1,1,1,2.093
23,2,1,0,1.125
23,1,1,1,1.047
23,1,1,1,1.39
23,2,2,1,2.438
23,1,1,1,1.203
23,1,2,0,1.281
23,1,1,1,1.094
23,1,2,0,1.578
23,1,2,0,1.421
23,1,1,1,1.141
23,2,2,1,1.282
23,2,1,0,1.219
23,2,2,1,1.016
23,2,2,1,1.063
23,1,1,1,0.891
23,1,1,1,1.438
23,1,1,1,0.891
23,2,2,1,1.079
23,2,2,1,1.563
23,2,2,1,1.375
23,2,2,1,2.172
23,2,2,1,1.078
23,1,1,1,1.531
23,2,2,1,0.953
23,1,1,1,1.547
23,1,1,1,1.031
23,2,2,1,0.812
23,2,2,1,1.953
23,2,2,1,1.422
23,2,2,1,1.859
23,1,1,1,0.859
23,2,2,1,1.125
23,1,2,0,1.391
23,2,2,1,1.079
23,2,1,0,1.328
23,1,1,1,1.704
23,1,2,0,1.031
23,1,1,1,0.781
23,1,2,0,0.922
23,1,1,1,1.437
23,1,2,0,0.984
23,1,1,1,1.578
23,1,1,1,0.86
23,1,1,1,1.359
23,2,1,0,1.25
23,2,1,0,1.437
23,1,2,0,0.89
23,2,1,0,1.219
23,1,2,0,0.75
23,1,1,1,1.594
23,2,1,0,1.391
23,2,1,0,1.516
23,2,2,1,1.015
23,2,1,0,1.078
23,1,2,0,0.688
23,2,1,0,1.125
23,2,2,1,1.578
23,2,2,1,1.375
23,1,1,1,2.562
23,2,2,1,0.797
23,1,1,1,1.813
23,1,1,1,1.032
23,1,2,0,1.141
23,1,2,0,1.109
23,1,1,1,1.531
23,2,1,0,1.203
23,1,1,1,0.812
23,2,2,1,1.265
23,1,2,0,1
23,1,1,1,1.125
23,1,2,0,0.968
23,2,2,1,1.922
23,1,2,0,0.86
23,1,2,0,1.328
23,1,1,1,1.563
23,2,2,1,1.109
23,1,1,1,1.219
23,2,1,0,1.312
23,1,2,0,1.375
23,1,1,1,1.141
23,2,1,0,2.172
23,1,1,1,1.062
23,1,2,0,1.125
23,1,2,0,0.984
23,2,1,0,1.016
23,2,1,0,1.25
23,1,2,0,0.843
23,2,1,0,0.687
23,2,2,1,0.875
23,2,1,0,1.719
24,1,1,1,1.734
24,2,2,1,1.297
24,2,2,1,1.579
24,1,1,1,1.485
24,2,2,1,2.172
24,2,2,1,1.61
24,1,1,1,2.25
24,1,2,0,1.843
24,1,1,1,1.75
24,2,2,1,1.14
24,1,1,1,1.39
24,1,1,1,1.5
24,1,2,0,2.719
24,2,1,0,2.609
24,2,2,1,2
24,2,2,1,1.313
24,2,2,1,1.89
24,2,1,0,2.172
24,2,2,1,2.391
24,1,1,1,1.015
24,1,1,1,2.25
24,1,1,1,3.282
24,2,2,1,0.938
24,1,1,1,1.625
24,1,2,0,2.281
24,1,1,1,1.578
24,2,2,1,1.406
24,1,1,1,2.078
24,2,1,0,2.485
24,1,1,1,2.5
24,2,2,1,1.469
24,2,2,1,1.063
24,1,1,1,1.11
24,2,2,1,1.204
24,1,1,1,1.75
24,2,2,1,1.782
24,2,2,1,2.485
24,1,1,1,2.969
24,2,2,1,1.687
24,1,2,0,2.187
24,1,2,0,1.688
24,1,1,1,2.594
24,2,2,1,2
24,2,1,0,1.781
24,1,1,1,2.015
24,2,2,1,2.344
24,2,2,1,2.735
24,2,2,1,1.297
24,2,1,0,2.234
24,2,2,1,1.125
24,1,2,0,1.547
24,1,1,1,1.25
24,1,2,0,2.063
24,2,1,0,2.266
24,2,2,1,3.062
24,2,2,1,1.625
24,2,2,1,2.11
24,1,2,0,2.61
24,2,1,0,2.235
24,1,1,1,1.438
24,1,1,1,2.141
24,2,2,1,2.219
24,2,2,1,1.64
24,1,1,1,2.562
24,2,2,1,1.469
24,1,1,1,2.672
24,1,2,0,1.406
24,1,1,1,2.828
24,1,2,0,3.719
24,1,1,1,2.25
24,1,1,1,1.188
24,2,2,1,1.968
24,2,2,1,1.562
24,2,2,1,2.484
24,1,1,1,0.906
24,1,2,0,1.797
24,2,1,0,1.688
24,2,2,1,1.36
24,1,1,1,3.984
24,2,2,1,0.984
24,2,1,0,1.531
24,1,1,1,1.516
24,1,1,1,1.547
24,2,1,0,1.484
24,1,1,1,1.453
24,2,1,0,1.781
24,2,2,1,0.985
24,1,2,0,2.359
24,2,2,1,1.625
24,1,2,0,2.813
24,1,1,1,1.407
24,2,1,0,1.328
24,2,2,1,1.531
24,2,1,0,1.437
24,1,1,1,1.578
24,2,1,0,1.938
24,2,2,1,2.39
24,2,1,0,1.469
24,2,1,0,1.796
24,1,2,0,1.453
24,1,2,0,2.39
24,2,2,1,1.485
24,1,1,1,1.39
24,2,1,0,1.578
24,2,2,1,1.187
24,2,1,0,2.078
24,1,1,1,1.61
24,1,2,0,1.985
24,2,2,1,2.203
24,2,1,0,1.453
24,2,1,0,2
24,1,2,0,1.969
24,1,2,0,2.563
24,1,2,0,1.562
24,2,2,1,1.437
24,2,1,0,1.406
24,1,1,1,2.344
24,1,2,0,1.406
24,1,2,0,1.375
24,2,1,0,1.922
24,1,1,1,1.719
24,2,1,0,1.766
24,2,2,1,1.703
24,2,2,1,1.937
24,1,1,1,1.407
24,1,2,0,2.313
24,1,1,1,1.719
24,1,2,0,2.86
24,2,2,1,0.953
24,1,1,1,1.781
24,2,1,0,1.468
24,1,1,1,1.563
24,2,1,0,1.453
24,1,2,0,1.531
24,2,2,1,1.937
24,1,2,0,1.39
24,1,1,1,1.609
24,1,2,0,1.422
24,2,2,1,1.828
24,1,1,1,2.109
24,2,1,0,2.75
24,2,2,1,1.297
24,1,2,0,1.36
24,2,2,1,1.953
24,1,1,1,1.547
24,2,2,1,1.078
24,2,2,1,1.406
24,1,1,1,1.61
24,2,2,1,1.875
24,1,1,1,1.828
24,2,2,1,1.687
24,2,2,1,1.609
24,1,1,1,1.985
24,1,1,1,1.157
24,2,1,0,1.578
24,2,2,1,1.11
24,1,2,0,1.282
25,1,1,1,1.687
25,1,1,1,1.5
25,1,1,1,1.094
25,2,2,1,2.609
25,2,2,1,1.375
25,2,2,1,1.859
25,2,2,1,2.25
25,1,2,0,4.094
25,1,1,1,1.625
25,2,2,1,2.406
25,2,2,1,1.454
25,2,2,1,1.719
25,2,2,1,4.094
25,2,2,1,1.422
25,1,1,1,4.312
25,2,2,1,1.469
25,1,1,1,1.125
25,1,2,0,2.812
25,1,1,1,1.937
25,2,2,1,2.469
25,2,2,1,1.016
25,1,1,1,3.359
25,2,2,1,2.984
25,2,2,1,1.406
25,2,2,1,3.984
25,1,1,1,1.796
25,2,1,0,2.312
25,2,1,0,1.579
25,1,1,1,1.703
25,2,2,1,3.062
25,2,2,1,1.687
25,2,2,1,2.625
25,2,2,1,1.344
25,2,1,0,2.297
25,2,1,0,2.578
25,1,1,1,1.656
25,2,2,1,1.64
25,2,2,1,6.766
25,2,2,1,1.922
25,1,1,1,2.969
25,1,2,0,1.796
25,1,1,1,1.891
25,1,1,1,3.281
25,2,2,1,5.422
25,1,1,1,2.234
25,2,2,1,1.14
25,2,1,0,1.937
25,1,1,1,1.359
25,2,1,0,1.687
25,2,2,1,2.89
25,1,1,1,2.516
25,2,2,1,1.953
25,1,1,1,2.797
25,2,2,1,1.125
25,1,1,1,3.609
25,1,2,0,2.172
25,2,2,1,2.281
25,1,1,1,1.531
25,2,2,1,2.203
25,2,2,1,1.172
25,1,1,1,1.484
25,2,2,1,2.328
25,1,2,0,2.109
25,1,1,1,1.328
25,2,2,1,1.688
25,2,2,1,2.532
25,2,2,1,3.063
25,1,1,1,2.594
25,1,2,0,3.047
25,2,2,1,1.891
25,1,1,1,4.218
25,2,1,0,2.156
25,2,2,1,1.109
25,1,1,1,1.297
25,2,2,1,6.36
25,2,2,1,2.609
25,1,1,1,2.75
25,2,2,1,1.156
25,1,1,1,1.266
25,2,1,0,4.468
25,2,2,1,2.938
25,1,1,1,1
25,1,1,1,1.735
25,2,1,0,1.61
25,2,1,0,1.469
25,1,2,0,3.079
25,2,2,1,1.453
25,1,2,0,1.375
25,2,1,0,2.219
25,1,2,0,4.438
25,1,1,1,1.312
25,1,1,1,1.844
25,1,1,1,2.141
25,2,2,1,1.125
25,1,1,1,1.734
25,2,2,1,1.922
25,1,1,1,3.016
25,1,2,0,2.485
25,2,1,0,2.5
25,1,2,0,1.953
25,1,2,0,1.172
25,2,2,1,4.485
25,1,1,1,3.14
25,1,1,1,2.453
25,2,2,1,1.938
25,2,2,1,1.563
25,1,1,1,3.969
25,2,1,0,2.782
25,2,1,0,5.562
25,2,1,0,2.5
25,1,2,0,1.593
25,1,2,0,1.406
25,2,2,1,4.484
25,2,2,1,2.812
25,2,2,1,1.578
25,1,1,1,1.828
25,2,1,0,2.516
25,1,2,0,2.515
25,1,1,1,1.547
25,1,1,1,2.329
25,2,2,1,2.063
25,1,2,0,2.812
25,1,1,1,1.344
25,1,1,1,2.953
25,1,1,1,3.094
25,2,2,1,1.625
25,2,2,1,2.187
25,2,2,1,1.203
25,2,2,1,3.016
25,2,2,1,2.453
25,1,2,0,3.156
25,2,1,0,2.515
25,1,1,1,1.359
25,2,2,1,4.031
25,2,2,1,3.204
25,2,2,1,1.516
25,1,1,1,1.531
25,1,1,1,1.812
25,1,2,0,1.985
25,1,2,0,3.328
25,1,1,1,2.172
25,1,1,1,1.469
25,2,2,1,2.656
25,2,1,0,1.625
25,2,2,1,4.922
25,2,2,1,1.407
25,2,1,0,1.391
25,2,1,0,2.187
25,2,2,1,1.218
25,1,1,1,1
25,1,1,1,2.063
25,2,2,1,1.531
25,2,2,1,1.593
25,1,2,0,1.25
25,1,2,0,1.5
25,2,2,1,2.969
25,1,1,1,3.438
25,2,1,0,1.61
25,2,1,0,1.5
25,1,2,0,1.015
26,2,2,1,2.219
26,1,1,1,2.281
26,2,2,1,1.484
26,1,1,1,3.688
26,2,1,0,1.797
26,2,2,1,1.187
26,1,1,1,1.359
26,1,1,1,1.062
26,1,1,1,0.969
26,1,1,1,3.11
26,2,2,1,1.422
26,1,2,0,2.375
26,1,1,1,0.797
26,2,2,1,1.515
26,2,2,1,1.25
26,1,1,1,2.718
26,2,2,1,2.422
26,2,2,1,1.25
26,1,1,1,4.765
26,2,2,1,1.234
26,2,2,1,1.578
26,2,2,1,2.813
26,1,2,0,1.89
26,1,1,1,3.14
26,2,1,0,2.375
26,1,1,1,1.359
26,2,1,0,1.797
26,1,2,0,1.625
26,2,2,1,1.125
26,2,2,1,1.063
26,1,1,1,3.047
26,2,2,1,4.25
26,2,2,1,1.5
26,1,1,1,1.172
26,1,1,1,1.266
26,1,1,1,3.735
26,1,2,0,2.063
26,2,2,1,4.687
26,1,2,0,1.797
26,1,2,0,1.875
26,2,2,1,1.516
26,1,1,1,2.328
26,2,2,1,1.704
26,2,2,1,2.219
26,2,2,1,1.734
26,1,1,1,1.296
26,2,2,1,4.266
26,1,1,1,2.484
26,2,2,1,2.547
26,1,2,0,1.531
26,2,2,1,1.641
26,2,2,1,2.125
26,2,1,0,1.25
26,1,1,1,2.375
26,1,1,1,3.109
26,2,1,0,3.234
26,2,1,0,1.688
26,1,1,1,2.39
26,2,2,1,3.657
26,1,1,1,1.344
26,2,2,1,2.297
26,1,1,1,0.938
26,2,2,1,1.688
26,1,1,1,1.235
26,2,2,1,1.594
26,2,2,1,1.609
26,1,1,1,1.172
26,1,1,1,0.656
26,2,2,1,1.406
26,1,2,0,2.328
26,1,1,1,2.969
26,2,2,1,4.407
26,2,2,1,1.578
26,1,1,1,1.234
26,2,2,1,3.031
26,2,2,1,1.406
26,1,1,1,2.703
26,1,1,1,0.907
26,2,2,1,1.609
26,2,2,1,3.25
26,1,2,0,1.157
26,2,1,0,1.297
26,2,1,0,1.391
26,2,1,0,1.766
26,2,1,0,1.031
26,1,2,0,1.25
26,2,2,1,1.437
26,2,2,1,1.141
26,2,2,1,1.484
26,1,2,0,1.625
26,2,2,1,1.875
26,2,2,1,1.953
26,1,1,1,2.156
26,1,1,1,1.375
26,2,2,1,0.969
26,2,1,0,1.532
26,1,1,1,3.516
26,1,1,1,1.437
26,2,1,0,1.469
26,2,2,1,1.016
26,2,2,1,1.437
26,2,1,0,1.329
26,2,2,1,1.703
26,1,2,0,1.188
26,1,2,0,1.375
26,2,2,1,1.078
26,2,2,1,1.141
26,1,2,0,2.297
26,2,2,1,2.078
26,1,2,0,3.562
26,1,1,1,1.484
26,1,1,1,1.515
26,2,2,1,1.656
26,1,2,0,1.203
26,2,2,1,1.093
26,1,2,0,2.14
26,1,1,1,1.531
26,2,1,0,1
26,2,2,1,1.625
26,1,2,0,1.297
26,1,1,1,1.75
26,1,2,0,1.094
26,1,2,0,0.984
26,2,2,1,1.375
26,1,1,1,1.563
26,1,1,1,1.282
26,1,1,1,1.469
26,2,2,1,1.329
26,2,2,1,1.313
26,1,2,0,1.031
26,1,1,1,1.61
26,2,2,1,1
26,1,1,1,0.844
26,2,1,0,0.937
26,2,1,0,1.078
26,2,2,1,1.031
26,1,1,1,0.844
26,2,2,1,1.11
26,2,1,0,0.921
26,1,1,1,0.984
26,2,2,1,1.312
26,2,2,1,1.11
26,1,2,0,1.25
26,1,1,1,1.094
26,2,2,1,1.265
26,1,1,1,1.125
26,2,2,1,1.422
26,2,2,1,1.578
26,1,2,0,0.86
26,2,2,1,0.828
26,1,1,1,0.906
26,2,1,0,1.14
26,1,1,1,1.015
26,1,2,0,1.578
26,1,1,1,1.063
26,2,2,1,1.469
26,2,1,0,1.484
26,1,1,1,1.125
26,2,1,0,1.094
27,1,1,1,2.625
27,2,2,1,3.187
27,2,2,1,3.875
27,2,2,1,2.984
27,1,1,1,1.562
27,2,1,0,3.391
27,2,2,1,2.953
27,2,2,1,1.11
27,2,2,1,1.984
27,1,1,1,2.047
27,2,2,1,1.656
27,1,1,1,1.219
27,2,2,1,1.359
27,2,2,1,3.25
27,1,1,1,1.187
27,2,2,1,2.453
27,1,1,1,2.844
27,2,2,1,1.656
27,2,2,1,1.938
27,2,2,1,5.187
27,1,1,1,1.172
27,1,1,1,2.265
27,2,1,0,1.843
27,2,2,1,3.812
27,2,2,1,1.969
27,2,2,1,1.844
27,2,2,1,1.406
27,1,1,1,1.89
27,1,1,1,3.297
27,1,1,1,2.546
27,2,2,1,1.531
27,2,2,1,2.687
27,2,1,0,1.407
27,2,1,0,1.765
27,1,1,1,1.672
27,2,1,0,2.188
27,1,1,1,2.25
27,2,2,1,1.64
27,2,2,1,2.157
27,2,2,1,3.14
27,2,2,1,1.64
27,1,1,1,2.125
27,2,1,0,3.641
27,2,2,1,3.985
27,2,2,1,1.687
27,2,2,1,0.859
27,2,1,0,2.265
27,1,1,1,2.39
27,2,2,1,2.156
27,1,1,1,1.188
27,2,2,1,1.406
27,2,2,1,1.844
27,2,2,1,1.438
27,1,1,1,1.625
27,1,1,1,3.813
27,2,2,1,1.875
27,2,2,1,2.203
27,1,1,1,0.984
27,1,1,1,1.172
27,1,1,1,2.172
27,2,2,1,1.484
27,2,2,1,3.046
27,1,1,1,1.016
27,2,2,1,3.344
27,2,2,1,2.218
27,1,1,1,1.61
27,2,2,1,2.906
27,1,2,0,2.453
27,1,1,1,2.328
27,2,1,0,2.36
27,1,1,1,1.453
27,1,1,1,1.594
27,2,2,1,2.704
27,1,1,1,0.922
27,2,2,1,1.219
27,2,2,1,2.453
27,1,1,1,2.25
27,1,1,1,1.016
27,2,2,1,1.203
27,1,1,1,4.047
27,2,2,1,2.922
27,2,2,1,3.187
27,2,2,1,3.625
27,2,2,1,4.5
27,2,2,1,3.328
27,1,1,1,2.031
27,2,1,0,2.5
27,1,2,0,2.375
27,1,1,1,2.5
27,1,2,0,1.218
27,2,2,1,2.531
27,1,1,1,1.765
27,1,1,1,2.656
27,1,1,1,2.344
27,1,2,0,1.296
27,1,2,0,2.906
27,2,1,0,2.641
27,1,1,1,1.812
27,2,1,0,2.484
27,1,1,1,5.266
27,1,1,1,1.297
27,2,2,1,2
27,2,1,0,2
27,2,2,1,1.687
27,2,2,1,3.563
27,2,2,1,2.922
27,1,2,0,1.485
27,2,2,1,2.844
27,1,2,0,2.516
27,1,2,0,2.594
27,1,1,1,2.203
27,2,2,1,1.61
27,2,2,1,2.297
27,1,1,1,2.344
27,2,2,1,1.515
27,1,1,1,1.297
27,1,1,1,1.235
27,2,2,1,1.64
27,1,2,0,1.969
27,1,1,1,1.625
27,2,2,1,1.469
27,2,2,1,2.531
27,2,2,1,1.172
27,1,1,1,1.64
27,2,2,1,2.797
27,2,1,0,1.734
27,1,2,0,2.532
27,1,1,1,1.813
27,1,1,1,1.547
27,2,2,1,1.562
27,1,1,1,1.656
27,2,2,1,2.625
27,1,1,1,4.469
27,2,1,0,1.703
27,1,1,1,2.297
27,1,2,0,1.282
27,1,1,1,1.844
27,2,2,1,2.625
27,1,1,1,1.844
27,1,1,1,1.719
27,1,2,0,1.328
27,2,1,0,3.266
27,1,1,1,2.687
27,1,1,1,1.594
27,1,1,1,1.921
27,1,2,0,3.172
27,1,1,1,1.469
27,1,1,1,2.094
27,1,1,1,1.234
27,1,2,0,1.891
27,2,2,1,1.391
27,1,1,1,1.86
27,1,1,1,1.766
27,2,2,1,1.485
27,2,1,0,1.922
27,2,2,1,4.313
27,1,1,1,1
27,2,1,0,2
27,2,2,1,1.719
27,2,2,1,1.969
28,2,2,1,3.14
28,2,2,1,3.953
28,1,1,1,1.093
28,1,1,1,2.141
28,1,1,1,1.75
28,1,1,1,3.016
28,1,1,1,3.719
28,1,1,1,2.984
28,1,1,1,1.078
28,1,1,1,1.75
28,2,2,1,1.266
28,2,2,1,4.25
28,2,2,1,1.328
28,1,1,1,1.312
28,1,1,1,4.656
28,2,2,1,1.14
28,2,2,1,1.094
28,1,1,1,1.063
28,2,2,1,1.36
28,2,2,1,1.86
28,1,1,1,1.453
28,2,2,1,1.203
28,1,1,1,1.39
28,2,2,1,2.25
28,1,1,1,1.75
28,2,2,1,1.39
28,2,2,1,1.859
28,1,1,1,1.468
28,1,2,0,1.734
28,1,1,1,0.781
28,1,1,1,2.546
28,2,1,0,2.266
28,2,2,1,1.032
28,2,2,1,2
28,1,2,0,2.922
28,2,2,1,1.562
28,1,1,1,1.516
28,2,1,0,3.516
28,1,2,0,4.671
28,1,2,0,1.563
28,2,2,1,2.391
28,1,1,1,2.875
28,1,1,1,0.891
28,1,1,1,0.907
28,1,1,1,1.266
28,2,2,1,1.016
28,2,1,0,2
28,1,1,1,1.812
28,2,2,1,1.219
28,1,1,1,1.079
28,1,1,1,2.235
28,2,2,1,3.688
28,1,1,1,1.828
28,2,2,1,1.25
28,1,1,1,1.015
28,1,1,1,1.093
28,1,1,1,4.406
28,2,2,1,1.469
28,1,1,1,1.156
28,2,2,1,1.016
28,1,1,1,1.657
28,1,1,1,2.422
28,1,1,1,2.937
28,1,1,1,0.969
28,1,2,0,5.485
28,2,2,1,2.156
28,2,2,1,1.313
28,2,2,1,3.61
28,1,1,1,1.125
28,1,1,1,1.625
28,1,1,1,2.188
28,1,1,1,2.375
28,2,2,1,1.25
28,2,2,1,1.61
28,2,2,1,4.797
28,1,1,1,0.984
28,2,1,0,1.391
28,1,1,1,2.985
28,2,2,1,1.375
28,1,1,1,0.922
28,2,2,1,0.954
28,1,2,0,1.203
28,2,2,1,1.781
28,2,2,1,1.813
28,2,1,0,2.141
28,1,2,0,1.656
28,2,1,0,2.422
28,2,2,1,3.688
28,1,1,1,1.484
28,2,2,1,1.125
28,2,2,1,0.953
28,2,2,1,1.344
28,2,2,1,0.907
28,1,2,0,1.968
28,2,2,1,1.25
28,1,1,1,1.032
28,1,1,1,1.485
28,1,2,0,2.422
28,2,2,1,2.031
28,1,1,1,1.125
28,1,1,1,1.375
28,1,2,0,1.141
28,1,2,0,1.14
28,2,1,0,2.453
28,1,1,1,0.953
28,1,1,1,1.797
28,2,2,1,2
28,1,1,1,1.078
28,1,1,1,1.484
28,1,1,1,1
28,1,1,1,1.515
28,1,1,1,4.109
28,1,1,1,1.843
28,2,2,1,0.985
28,2,2,1,3.281
28,2,1,0,1.828
28,2,1,0,1.688
28,1,1,1,1.938
28,1,1,1,0.797
28,2,1,0,1.75
28,2,2,1,2.156
28,2,2,1,3.125
28,2,1,0,2.313
28,2,2,1,1.047
28,1,2,0,5.484
28,1,1,1,4.578
28,2,1,0,1.468
28,1,1,1,4.438
28,2,1,0,3.063
28,1,1,1,1.719
28,1,2,0,1.031
28,1,1,1,1.188
28,2,1,0,4.469
28,2,2,1,1.031
28,1,2,0,1.922
28,1,1,1,5.203
28,1,2,0,4.093
28,1,2,0,1.563
28,2,2,1,0.985
28,1,1,1,2.203
28,2,2,1,1.656
28,1,1,1,2.234
28,2,2,1,1.25
28,1,2,0,1.938
28,2,2,1,1.344
28,1,1,1,2.891
28,1,2,0,2.141
28,2,1,0,1.281
28,1,1,1,3.688
28,2,1,0,1.5
28,2,2,1,1.813
28,2,2,1,2.187
28,2,2,1,1.235
28,1,1,1,3.985
28,1,2,0,1.391
28,2,2,1,4.219
28,2,1,0,2.109
28,2,1,0,1.203
29,1,1,1,0.89
29,1,1,1,0.969
29,1,1,1,1.11
29,2,2,1,0.985
29,1,1,1,0.813
29,2,2,1,1.64
29,1,1,1,1.875
29,2,2,1,1.516
29,2,2,1,1.328
29,1,1,1,0.844
29,2,2,1,0.985
29,2,2,1,1.688
29,1,1,1,1.562
29,1,1,1,0.89
29,2,2,1,1.266
29,2,2,1,1.406
29,1,1,1,0.813
29,1,1,1,1.453
29,2,2,1,1
29,1,1,1,1.171
29,2,1,0,1.922
29,1,1,1,2.343
29,2,2,1,0.734
29,2,1,0,0.968
29,2,2,1,1.36
29,1,1,1,1.203
29,2,2,1,1.281
29,1,1,1,2.187
29,2,2,1,1.718
29,2,2,1,1.422
29,2,1,0,1.843
29,1,1,1,1.359
29,2,2,1,1.219
29,2,2,1,1.063
29,2,2,1,1.172
29,1,1,1,1.406
29,1,1,1,1.89
29,1,1,1,1.688
29,2,1,0,1.235
29,1,1,1,2.672
29,2,2,1,2.422
29,2,2,1,1.125
29,1,1,1,1.297
29,2,2,1,1.907
29,2,2,1,1.344
29,1,1,1,1.562
29,2,2,1,2.14
29,1,2,0,1.672
29,1,1,1,2.125
29,1,1,1,2.328
29,1,1,1,1.64
29,2,2,1,0.968
29,2,2,1,1.063
29,1,1,1,1.031
29,2,2,1,0.906
29,1,1,1,1.125
29,1,1,1,2.546
29,1,1,1,1.25
29,2,2,1,0.859
29,1,1,1,1.781
29,2,2,1,0.781
29,1,1,1,1.282
29,1,1,1,0.922
29,2,2,1,1.344
29,2,2,1,1.125
29,2,2,1,1.625
29,1,1,1,1.969
29,2,2,1,1.094
29,2,2,1,3.11
29,2,2,1,1.594
29,1,1,1,1.282
29,1,1,1,2.219
29,1,1,1,1.468
29,2,2,1,1.391
29,1,2,0,2.14
29,2,2,1,1.093
29,1,2,0,1.422
29,1,1,1,1.687
29,1,2,0,2.312
29,2,2,1,1.359
29,2,2,1,1.25
29,1,2,0,1.172
29,1,2,0,1.328
29,2,2,1,1.234
29,2,1,0,2.422
29,1,1,1,1.656
29,1,1,1,1.641
29,1,2,0,1.219
29,1,1,1,1.625
29,1,1,1,1.093
29,2,2,1,1.172
29,2,2,1,1.375
29,1,2,0,1.015
29,2,2,1,2.14
29,2,1,0,1.578
29,1,1,1,1.391
29,1,2,0,0.812
29,1,1,1,1.203
29,1,1,1,1.188
29,2,2,1,0.937
29,2,2,1,0.937
29,1,2,0,1.11
29,2,2,1,1.172
29,1,1,1,0.984
29,2,2,1,2.266
29,1,2,0,0.875
29,1,2,0,1.656
29,2,2,1,0.875
29,1,1,1,1.344
29,1,2,0,0.906
29,2,2,1,1.094
29,1,1,1,1.297
29,1,2,0,0.719
29,2,2,1,0.907
29,1,2,0,1
29,2,2,1,1
29,2,1,0,1.438
29,1,1,1,1
29,2,2,1,1.015
29,2,2,1,2.703
29,2,1,0,0.953
29,1,1,1,1.047
29,1,2,0,1.359
29,1,1,1,0.937
29,1,1,1,1.406
29,2,1,0,1.765
29,1,2,0,0.907
29,2,2,1,1.078
29,1,1,1,0.938
29,2,2,1,0.953
29,1,1,1,1.875
29,1,1,1,0.984
29,2,1,0,0.86
29,1,2,0,1.438
29,2,1,0,0.953
29,1,2,0,1.281
29,1,1,1,1.14
29,1,2,0,0.985
29,2,2,1,1.156
29,2,2,1,0.875
29,1,1,1,0.813
29,1,1,1,0.829
29,2,2,1,0.969
29,1,1,1,1.156
29,1,1,1,1.187
29,2,2,1,1.235
29,1,1,1,0.953
29,2,2,1,0.765
29,2,2,1,1.64
29,2,2,1,1.594
29,1,2,0,1.5
29,2,1,0,1.078
29,2,1,0,1.032
30,1,1,1,2.344
30,2,2,1,2.407
30,1,1,1,2.172
30,1,1,1,1.797
30,2,1,0,1.86
30,1,1,1,2.203
30,1,1,1,2.266
30,1,1,1,1.625
30,1,1,1,2
30,1,1,1,1.938
30,1,1,1,1.485
30,1,1,1,1.594
30,2,2,1,1.735
30,1,1,1,2.516
30,2,2,1,1.171
30,1,1,1,1.469
30,2,2,1,1.922
30,1,1,1,1.297
30,1,1,1,2.25
30,1,1,1,1.172
30,1,2,0,1.36
30,1,1,1,0.985
30,1,1,1,2.438
30,2,2,1,1.172
30,1,1,1,1.515
30,2,1,0,2.563
30,1,1,1,1.281
30,2,2,1,2.297
30,2,2,1,1.625
30,2,2,1,3.625
30,2,2,1,3.812
30,2,2,1,2.156
30,2,2,1,2.188
30,1,1,1,0.859
30,2,2,1,1
30,1,1,1,2.656
30,1,1,1,1.484
30,1,2,0,2.313
30,2,2,1,2.328
30,2,1,0,2.031
30,1,1,1,2.172
30,1,1,1,1.86
30,2,1,0,1.344
30,2,2,1,2.86
30,2,2,1,2.781
30,1,1,1,1.734
30,2,2,1,1.188
30,2,2,1,2.094
30,1,2,0,1.656
30,1,1,1,3.5
30,2,2,1,1.75
30,2,2,1,1.532
30,1,1,1,2.125
30,1,1,1,1.406
30,2,2,1,1.297
30,1,2,0,2.219
30,2,2,1,2.343
30,2,2,1,3.125
30,2,1,0,1.437
30,2,2,1,1.266
30,1,2,0,3.438
30,2,2,1,1.047
30,2,2,1,3.515
30,2,1,0,1.734
30,1,1,1,2.516
30,1,1,1,1.469
30,2,2,1,1.39
30,1,1,1,1.484
30,2,1,0,2.031
30,2,2,1,2.938
30,2,2,1,2.296
30,1,1,1,0.797
30,1,1,1,1.578
30,1,1,1,2.969
30,1,2,0,2.593
30,1,1,1,1.625
30,2,2,1,1.797
30,2,1,0,2.297
30,2,2,1,1.156
30,2,2,1,2.672
30,1,1,1,1.797
30,2,1,0,1.937
30,2,2,1,1.813
30,1,1,1,1.39
30,2,1,0,1.11
30,1,2,0,4.031
30,1,1,1,4.609
30,1,2,0,5.125
30,2,1,0,2.937
30,1,1,1,1.344
30,1,1,1,1.469
30,2,2,1,1.25
30,1,2,0,1.516
30,1,1,1,1.047
30,2,2,1,1.266
30,1,2,0,2.235
30,2,2,1,1.219
30,2,2,1,1.813
30,1,1,1,3.719
30,2,1,0,1.235
30,2,2,1,2.719
30,2,2,1,1.703
30,2,2,1,3.468
30,1,1,1,1.594
30,1,1,1,3.969
30,2,2,1,3.219
30,1,1,1,2.063
30,1,1,1,2.032
30,2,1,0,2.219
30,1,1,1,2.609
30,1,1,1,3.61
30,1,2,0,2.484
30,2,2,1,1.516
30,1,2,0,1.579
30,2,1,0,1.172
30,1,2,0,1.547
30,1,1,1,1.453
30,1,2,0,1.531
30,1,2,0,2.047
30,2,2,1,3.031
30,2,2,1,3.313
30,1,2,0,1.985
30,2,2,1,1.578
30,1,1,1,1.75
30,1,2,0,1.531
30,1,2,0,4.625
30,1,2,0,2.422
30,1,2,0,1.875
30,2,1,0,1.203
30,2,2,1,1.766
30,1,1,1,1.515
30,1,1,1,1.75
30,2,2,1,2.187
30,2,2,1,1.719
30,2,1,0,2.594
30,1,2,0,1.922
30,2,2,1,1.406
30,2,2,1,2.937
30,1,2,0,1.86
30,2,2,1,1.219
30,2,1,0,1.547
30,2,2,1,1.985
30,1,1,1,2.078
30,2,2,1,1.922
30,2,2,1,2.25
30,1,2,0,2.453
30,2,2,1,1.422
30,2,2,1,2.625
30,2,1,0,0.844
30,1,1,1,1.11
30,1,1,1,1.75
30,2,2,1,1.25
30,2,1,0,1.282
30,1,2,0,1.484
30,1,1,1,1.14
30,2,1,0,1.547
2,1,2,0,1.344
2,1,2,0,2.656
2,2,2,1,1.453
2,1,1,1,1.078
2,2,1,0,1.187
2,1,1,1,1.062
2,1,2,0,1.422
2,1,1,1,1.5
2,1,1,1,2.719
2,2,1,0,2.266
2,1,1,1,2.453
2,2,2,1,1.016
2,2,1,0,1.078
2,2,2,1,0.922
2,2,2,1,0.953
2,1,2,0,1.844
2,2,2,1,1.922
2,2,2,1,1.5
2,2,2,1,0.969
2,2,1,0,2.281
2,1,1,1,1.547
2,2,2,1,0.968
2,1,1,1,1.312
2,1,1,1,0.859
2,2,1,0,1.484
2,1,1,1,1.14
2,2,2,1,0.922
2,2,2,1,0.938
2,2,2,1,1.328
2,1,1,1,0.766
2,2,1,0,0.968
2,2,1,0,1.156
2,1,1,1,1.39
2,2,2,1,0.953
2,2,2,1,1.125
2,2,1,0,1
2,1,1,1,1.094
2,2,2,1,1.5
2,1,2,0,3.406
2,1,2,0,1.406
2,1,1,1,1.016
2,1,2,0,1.265
2,2,1,0,0.906
2,1,2,0,1.062
2,2,1,0,0.859
2,2,2,1,1.047
2,2,1,0,1.485
2,1,2,0,1.235
2,2,2,1,1.219
2,2,1,0,0.922
2,2,1,0,1.437
2,1,1,1,0.906
2,1,1,1,1.016
2,2,2,1,0.891
2,2,2,1,1.453
2,2,2,1,1.078
2,2,2,1,1.359
2,2,1,0,1.375
2,1,2,0,0.844
2,2,1,0,0.875
2,2,1,0,1.172
2,2,2,1,0.875
2,2,1,0,0.813
2,1,2,0,1.094
2,2,1,0,0.875
2,2,1,0,0.906
2,1,2,0,1.641
2,1,1,1,1.5
2,1,1,1,0.86
2,2,1,0,1.469
2,2,1,0,0.782
2,2,2,1,0.844
2,1,2,0,1.969
2,1,1,1,1.297
2,1,1,1,0.813
2,2,2,1,0.922
2,1,2,0,0.687
2,2,2,1,0.75
2,1,1,1,1.328
2,1,1,1,0.828
2,2,2,1,1.609
2,1,2,0,0.656
2,2,2,1,0.89
2,2,1,0,0.828
2,2,2,1,0.672
2,1,1,1,0.766
2,2,2,1,0.672
2,2,2,1,0.875
2,1,2,0,0.781
2,2,1,0,0.812
2,2,1,0,1
2,1,2,0,0.828
2,1,1,1,0.656
2,2,1,0,0.781
2,1,1,1,0.657
2,1,2,0,0.532
2,2,1,0,0.5
2,2,1,0,0.703
2,1,1,1,0.625
2,2,1,0,0.781
2,2,2,1,1.031
2,2,1,0,0.797
2,2,1,0,0.734
2,1,1,1,0.625
2,1,2,0,0.687
2,2,1,0,0.515
2,1,2,0,0.484
2,2,1,0,0.391
2,2,1,0,0.782
2,2,1,0,0.797
2,1,1,1,0.734
2,1,2,0,0.703
2,1,2,0,0.562
2,2,2,1,0.625
2,2,2,1,0.531
2,2,2,1,0.484
2,1,2,0,0.469
2,2,2,1,0.5
2,1,2,0,0.406
2,1,2,0,0.516
2,1,1,1,0.437
2,1,1,1,0.437
2,2,1,0,0.453
2,1,1,1,0.563
2,1,1,1,0.5
2,2,1,0,0.375
2,2,1,0,0.469
2,2,1,0,0.407
2,2,1,0,0.422
2,2,2,1,0.5
2,1,2,0,0.422
2,2,1,0,0.39
2,1,2,0,0.329
2,1,1,1,0.344
2,1,1,1,0.578
2,2,1,0,0.453
2,2,1,0,0.422
2,1,2,0,0.39
2,1,1,1,0.391
2,1,2,0,0.407
2,1,2,0,0.5
2,1,2,0,0.579
2,1,2,0,0.485
2,1,2,0,0.719
2,2,2,1,0.594
2,2,2,1,0.954
2,1,1,1,0.531
2,2,2,1,0.39
2,2,2,1,0.469
2,1,2,0,0.468
2,2,2,1,0.484
2,2,1,0,0.516
2,2,1,0,0.453
2,1,1,1,0.422
2,2,1,0,0.375
2,1,1,1,0.453
2,2,1,0,0.5
2,1,1,1,0.61
2,1,1,1,0.547
2,1,1,1,0.437
31,1,2,0,1.703
31,2,1,0,1.625
31,2,2,1,1.437
31,1,1,1,1.109
31,1,1,1,0.937
31,1,1,1,1.312
31,1,1,1,1.75
31,2,2,1,1.688
31,1,1,1,0.875
31,2,1,0,1.687
31,1,2,0,1.11
31,2,2,1,1.703
31,2,1,0,1.078
31,1,1,1,0.922
31,2,1,0,1.672
31,2,2,1,1.266
31,1,1,1,1.984
31,2,2,1,1.109
31,2,2,1,2.281
31,1,1,1,0.953
31,1,1,1,1.453
31,1,2,0,2.031
31,2,1,0,1.828
31,1,2,0,1.094
31,2,2,1,1.234
31,1,1,1,1.687
31,2,2,1,1.187
31,1,2,0,1.687
31,1,1,1,1.438
31,2,2,1,1.766
31,1,1,1,1.078
31,1,1,1,0.984
31,2,2,1,0.984
31,1,1,1,1.484
31,1,1,1,0.953
31,1,2,0,1.094
31,1,2,0,1.156
31,1,1,1,1.109
31,1,2,0,1.25
31,2,2,1,2.078
31,2,2,1,1.656
31,2,2,1,1
31,1,1,1,1.688
31,1,1,1,3.188
31,1,1,1,1.453
31,2,1,0,2.234
31,1,2,0,1.625
31,1,1,1,1.547
31,2,1,0,1.187
31,1,1,1,1.422
31,2,2,1,1.031
31,2,1,0,1.734
31,2,1,0,1.281
31,1,2,0,1.891
31,2,2,1,1.125
31,1,1,1,1.797
31,1,1,1,1.344
31,1,2,0,2.781
31,1,1,1,1.515
31,1,1,1,1.234
31,2,2,1,1.312
31,2,2,1,1.687
31,2,2,1,1.156
31,2,1,0,2.312
31,1,2,0,1.438
31,1,2,0,1.797
31,2,2,1,1.453
31,2,2,1,1.328
31,2,2,1,1.265
31,2,2,1,1.281
31,2,2,1,1.672
31,1,1,1,2.454
31,2,2,1,1.313
31,1,1,1,1.891
31,1,2,0,1.625
31,2,2,1,1.719
31,2,2,1,3.031
31,2,2,1,1.078
31,1,1,1,1.156
31,1,2,0,0.984
31,1,1,1,0.891
31,2,1,0,1.797
31,1,1,1,1.25
31,1,1,1,1.031
31,2,2,1,0.765
31,1,1,1,1.328
31,1,2,0,1.375
31,1,1,1,0.938
31,1,2,0,1.156
31,2,1,0,0.844
31,2,1,0,1.39
31,2,1,0,0.968
31,2,1,0,0.984
31,1,1,1,1.11
31,1,2,0,1.016
31,2,2,1,1.078
31,2,2,1,1.172
31,1,1,1,1.484
31,2,2,1,1
31,2,2,1,1.25
31,2,1,0,1.36
31,1,1,1,1.344
31,1,1,1,1.313
31,2,1,0,1.141
31,2,2,1,0.687
31,1,1,1,1.047
31,1,1,1,0.984
31,2,1,0,2.453
31,2,2,1,2.063
31,2,1,0,0.922
31,1,2,0,1.094
31,1,1,1,0.782
31,2,1,0,1.844
31,1,1,1,1.094
31,1,1,1,1.079
31,2,1,0,1.156
31,2,2,1,1
31,1,1,1,0.922
31,2,1,0,0.969
31,2,2,1,1.156
31,2,1,0,1.422
31,2,1,0,1.203
31,2,2,1,2.328
31,1,2,0,1.031
31,1,1,1,1.656
31,1,2,0,1.734
31,2,1,0,1.469
31,1,2,0,1.359
31,2,2,1,1.625
31,1,2,0,0.937
31,2,2,1,0.985
31,1,2,0,1.157
31,2,2,1,1.328
31,1,2,0,1.312
31,1,2,0,1.844
31,2,2,1,1.437
31,1,2,0,2.094
31,1,1,1,1.719
31,1,1,1,1.016
31,2,1,0,1.782
31,1,1,1,0.938
31,1,1,1,1.296
31,2,1,0,1.563
31,1,2,0,1.641
31,1,1,1,0.781
31,1,2,0,1.203
31,2,1,0,0.906
31,1,1,1,0.813
31,1,2,0,1.469
31,2,2,1,1.094
31,2,2,1,1.063
31,2,1,0,1.656
31,1,2,0,1.031
31,1,2,0,1.328
31,1,1,1,0.906
31,1,2,0,0.687
32,2,2,1,1.468
32,2,2,1,1.266
32,2,2,1,1.156
32,1,1,1,3.813
32,1,1,1,2.094
32,1,1,1,3.156
32,2,2,1,3.094
32,2,2,1,1.25
32,1,1,1,0.906
32,1,1,1,0.812
32,1,1,1,0.813
32,2,1,0,2.281
32,1,1,1,3.109
32,2,1,0,2.968
32,1,2,0,3.438
32,2,2,1,2.141
32,1,1,1,1.016
32,2,2,1,0.969
32,1,1,1,1.14
32,1,1,1,1.75
32,1,1,1,2.203
32,2,2,1,1.219
32,2,2,1,1.547
32,2,2,1,1.187
32,1,1,1,1.125
32,1,1,1,3.953
32,2,2,1,1.016
32,1,1,1,0.969
32,1,1,1,1.296
32,1,1,1,1.015
32,1,1,1,2.109
32,2,2,1,0.875
32,2,2,1,1.547
32,2,2,1,1.062
32,1,1,1,1.547
32,2,2,1,1.469
32,2,2,1,1.188
32,2,2,1,2.75
32,1,1,1,2.297
32,2,2,1,1.078
32,2,2,1,2.64
32,2,2,1,1.547
32,2,2,1,2.25
32,1,1,1,1.531
32,1,1,1,1.672
32,1,1,1,1.625
32,1,1,1,1.578
32,1,1,1,1.656
32,1,1,1,0.968
32,1,1,1,0.859
32,2,2,1,0.875
32,2,2,1,1.578
32,2,2,1,1.844
32,1,1,1,3.219
32,1,1,1,0.734
32,1,1,1,1.296
32,2,2,1,1.14
32,2,2,1,1
32,1,1,1,2.203
32,2,2,1,3.063
32,2,2,1,0.782
32,2,2,1,1.86
32,2,2,1,1.063
32,1,1,1,1.438
32,1,1,1,0.985
32,1,1,1,1.203
32,1,1,1,0.922
32,2,2,1,1.125
32,2,2,1,3.015
32,1,1,1,2.343
32,1,1,1,1.469
32,1,1,1,0.766
32,1,1,1,0.922
32,1,2,0,1.859
32,1,1,1,2.453
32,2,2,1,3.078
32,1,1,1,1.875
32,1,1,1,2.765
32,1,1,1,1.531
32,2,2,1,2.328
32,2,1,0,1.5
32,1,1,1,1.453
32,2,2,1,1.672
32,1,1,1,1.61
32,1,1,1,4.954
32,1,2,0,1.391
32,1,1,1,2.047
32,1,1,1,1.375
32,1,1,1,1.625
32,1,1,1,1.281
32,1,2,0,1.984
32,2,1,0,1.938
32,2,2,1,1.031
32,1,1,1,1.031
32,1,1,1,1.281
32,1,2,0,1.875
32,2,2,1,1.391
32,2,1,0,0.891
32,1,1,1,3.016
32,1,2,0,1.719
32,1,1,1,1.516
32,1,2,0,2.157
32,1,1,1,1.922
32,2,2,1,4.609
32,1,2,0,1.953
32,2,2,1,1.062
32,1,1,1,1.344
32,1,1,1,1.766
32,1,1,1,3.469
32,2,1,0,2.672
32,2,2,1,0.953
32,2,2,1,1.641
32,1,2,0,2.046
32,2,1,0,1.531
32,2,2,1,2.016
32,1,1,1,1.234
32,1,2,0,1.125
32,1,1,1,2.891
32,2,2,1,2.078
32,2,1,0,2.406
32,1,2,0,2.296
32,2,2,1,1.672
32,1,1,1,1.891
32,2,2,1,1.531
32,1,2,0,2.547
32,2,1,0,4.078
32,1,2,0,4.281
32,2,2,1,2.047
32,1,1,1,2.14
32,2,2,1,1.921
32,1,2,0,1.875
32,1,1,1,4.531
32,1,1,1,1.031
32,2,2,1,1.297
32,2,2,1,2.094
32,2,2,1,1.359
32,2,2,1,1.531
32,1,2,0,2.14
32,2,1,0,1.765
32,1,1,1,1.625
32,1,2,0,1.281
32,1,1,1,2.281
32,2,2,1,1.532
32,2,1,0,1.141
32,1,2,0,1.891
32,2,1,0,0.953
32,2,2,1,1.875
32,1,1,1,0.906
32,2,1,0,1.5
32,1,1,1,1.297
32,2,2,1,1.156
32,2,2,1,1.703
32,2,2,1,1.421
32,1,2,0,1.172
32,2,2,1,1.407
32,1,1,1,0.907
32,1,2,0,4.063
32,1,1,1,1.843
3,1,1,1,2.828
3,2,2,1,3.172
3,2,1,0,3.281
3,2,2,1,1.281
3,1,1,1,1.203
3,2,2,1,1.141
3,1,1,1,1.062
3,2,2,1,1.125
3,1,1,1,1.203
3,1,1,1,1.063
3,2,2,1,1.61
3,1,1,1,1.204
3,2,2,1,0.938
3,2,2,1,1.984
3,1,1,1,2.171
3,2,2,1,1.266
3,2,2,1,1.203
3,1,1,1,1.078
3,2,2,1,2.937
3,2,2,1,1.359
3,1,1,1,3.016
3,2,1,0,3.563
3,2,2,1,0.922
3,1,1,1,1.109
3,2,2,1,1.313
3,1,2,0,3.531
3,1,2,0,1.938
3,1,1,1,1.593
3,2,2,1,1.5
3,2,2,1,1.187
3,1,1,1,1.062
3,1,1,1,1.672
3,1,1,1,1.344
3,2,2,1,1.531
3,1,1,1,1.515
3,2,2,1,1.375
3,1,1,1,1.282
3,1,1,1,3.781
3,1,2,0,2.75
3,2,2,1,1.891
3,2,2,1,2.484
3,1,1,1,2.703
3,1,1,1,0.891
3,2,1,0,2.282
3,2,1,0,1.563
3,2,2,1,1.656
3,2,2,1,1.375
3,1,1,1,1.203
3,2,1,0,4.297
3,1,1,1,1.703
3,2,2,1,1.453
3,1,1,1,1.562
3,2,1,0,1.687
3,1,1,1,1.5
3,1,1,1,1.453
3,2,2,1,1.125
3,1,2,0,1.578
3,2,1,0,1.406
3,1,1,1,1.14
3,2,2,1,1.156
3,1,1,1,4.14
3,2,2,1,1.531
3,1,2,0,2.859
3,2,2,1,2.234
3,1,2,0,1.453
3,1,1,1,2.563
3,1,2,0,1.704
3,1,2,0,4.14
3,1,2,0,2.422
3,1,1,1,1.703
3,1,1,1,1.484
3,1,1,1,1.641
3,1,1,1,1.094
3,1,1,1,1.578
3,1,1,1,1.078
3,1,1,1,0.781
3,2,2,1,0.906
3,1,1,1,1.359
3,2,2,1,1.375
3,1,1,1,2.532
3,1,1,1,5.36
3,1,2,0,2.328
3,2,1,0,1.469
3,1,1,1,2
3,1,1,1,0.907
3,1,1,1,0.86
3,2,1,0,2.109
3,2,2,1,1.938
3,2,2,1,1.125
3,2,2,1,2.89
3,1,1,1,0.953
3,2,2,1,2.829
3,1,1,1,1.438
3,2,2,1,1.39
3,1,1,1,2.422
3,1,2,0,2.891
3,1,1,1,1.468
3,1,1,1,3.047
3,2,2,1,2.39
3,1,2,0,2.453
3,1,1,1,2.172
3,2,2,1,2.531
3,1,1,1,2.094
3,1,2,0,2.312
3,2,1,0,1.219
3,2,1,0,3.125
3,1,1,1,1.906
3,1,2,0,2.063
3,1,1,1,1.422
3,1,2,0,1.844
3,1,2,0,0.844
3,1,2,0,3.375
3,2,2,1,1.828
3,1,2,0,2.094
3,2,2,1,2
3,1,1,1,2.437
3,2,2,1,1.234
3,2,1,0,1.829
3,2,1,0,1.438
3,1,1,1,1.937
3,1,1,1,1.547
3,1,2,0,1.25
3,1,2,0,1.453
3,1,2,0,3.281
3,2,1,0,1.61
3,2,1,0,1.125
3,1,1,1,2.5
3,2,2,1,1.641
3,2,2,1,1.078
3,1,2,0,1.734
3,2,2,1,1.594
3,1,1,1,1.735
3,2,1,0,2.421
3,1,1,1,0.938
3,1,2,0,3.515
3,2,1,0,1.172
3,2,2,1,1.734
3,1,2,0,2.469
3,2,1,0,2.719
3,2,1,0,1.407
3,2,2,1,1.312
3,2,2,1,4.578
3,1,2,0,2.328
3,1,1,1,1.859
3,1,1,1,1.36
3,2,2,1,2.25
3,1,1,1,1.25
3,2,2,1,2.25
3,2,1,0,1.344
3,1,1,1,2
3,2,1,0,2
3,2,2,1,1.61
3,1,2,0,1.359
3,2,2,1,1.344
3,2,1,0,2.687
3,2,1,0,2.156
3,2,1,0,1.89
3,1,2,0,1.359
3,2,1,0,1.578
3,2,2,1,2.782
4,1,1,1,2.422
4,2,2,1,1.188
4,1,1,1,1.5
4,2,2,1,1.562
4,2,2,1,0.953
4,1,1,1,1.469
4,1,1,1,1.531
4,1,1,1,0.75
4,1,1,1,2.016
4,1,1,1,1.25
4,2,1,0,1.469
4,2,2,1,1.609
4,2,1,0,1.015
4,2,2,1,1.063
4,1,1,1,0.844
4,2,2,1,1.781
4,1,1,1,0.891
4,1,2,0,1.406
4,2,2,1,0.953
4,1,1,1,1.766
4,1,2,0,1.5
4,1,1,1,1.016
4,2,2,1,1.984
4,1,1,1,2.109
4,2,1,0,1.406
4,1,1,1,2.265
4,1,1,1,0.89
4,1,1,1,1.265
4,2,1,0,1.14
4,1,1,1,1.203
4,1,2,0,1.141
4,2,2,1,0.86
4,2,1,0,1.344
4,2,2,1,1.453
4,1,1,1,1.14
4,2,1,0,1.25
4,1,1,1,0.953
4,1,1,1,1.11
4,2,1,0,1.703
4,2,2,1,0.828
4,1,2,0,1.609
4,2,2,1,0.703
4,1,2,0,1.719
4,2,2,1,0.797
4,1,2,0,1.25
4,1,1,1,0.985
4,2,1,0,1.109
4,1,1,1,1.062
4,2,2,1,1.844
4,2,1,0,1.453
4,1,1,1,0.875
4,1,1,1,1.156
4,1,2,0,2.594
4,2,1,0,1.125
4,1,1,1,0.969
4,1,2,0,1.625
4,1,1,1,0.828
4,1,1,1,1.391
4,2,1,0,1.172
4,2,2,1,0.985
4,2,2,1,1.469
4,1,1,1,1.094
4,1,1,1,1.484
4,2,2,1,0.922
4,1,1,1,0.89
4,1,2,0,1
4,1,1,1,0.86
4,1,1,1,1.079
4,1,1,1,0.75
4,1,2,0,1.14
4,1,1,1,0.656
4,2,2,1,1.469
4,1,1,1,1.219
4,2,2,1,0.719
4,2,1,0,1.844
4,1,2,0,0.953
4,2,2,1,1.031
4,2,1,0,1.219
4,2,2,1,1.047
4,2,1,0,1.516
4,2,1,0,1.203
4,2,2,1,1.109
4,1,1,1,0.938
4,1,1,1,1.5
4,2,1,0,0.906
4,1,1,1,1.14
4,1,1,1,1.656
4,1,2,0,1.031
4,2,1,0,1.032
4,2,2,1,1.125
4,1,1,1,0.813
4,1,1,1,1.156
4,2,2,1,1.062
4,1,1,1,0.954
4,2,2,1,1.75
4,1,1,1,1.11
4,2,1,0,1.032
4,1,2,0,1.516
4,1,2,0,0.953
4,2,1,0,1.172
4,2,1,0,0.953
4,1,2,0,1.282
4,1,2,0,1.125
4,2,1,0,0.735
4,2,2,1,0.922
4,1,1,1,1.625
4,2,2,1,0.828
4,1,2,0,1.313
4,2,1,0,1.343
4,1,2,0,1.157
4,2,2,1,1.125
4,2,2,1,1.281
4,2,1,0,1.094
4,1,1,1,0.719
4,1,2,0,1.203
4,2,2,1,1.266
4,2,2,1,1.234
4,2,2,1,1.282
4,1,1,1,1.188
4,1,2,0,1.5
4,2,2,1,1
4,1,2,0,2.671
4,1,2,0,0.984
4,1,2,0,2.14
4,2,2,1,0.921
4,1,1,1,1.562
4,1,1,1,1.578
4,1,2,0,1.281
4,2,1,0,1.047
4,2,1,0,1.031
4,2,2,1,1
4,2,2,1,1.453
4,2,1,0,1.047
4,1,1,1,2
4,1,1,1,0.891
4,1,1,1,1.781
4,1,2,0,1.063
4,2,2,1,1.766
4,2,2,1,2.782
4,1,2,0,1.047
4,1,1,1,2.796
4,2,2,1,1.516
4,1,2,0,0.734
4,1,1,1,0.735
4,1,2,0,0.953
4,2,2,1,1.062
4,2,1,0,1.235
4,1,1,1,0.937
4,1,2,0,1.031
4,2,2,1,0.812
4,1,2,0,0.782
4,1,1,1,0.906
4,1,2,0,0.938
4,2,2,1,1.953
4,1,2,0,0.859
4,1,1,1,0.969
4,1,1,1,0.75
5,2,1,0,1.735
5,2,1,0,1.563
5,1,1,1,3.187
5,2,2,1,2.218
5,1,1,1,2.125
5,1,1,1,0.968
5,1,1,1,0.922
5,2,2,1,4.031
5,2,2,1,1.282
5,1,1,1,1.407
5,1,2,0,2
5,2,2,1,1.265
5,1,1,1,1.422
5,1,1,1,1.937
5,1,1,1,0.734
5,2,2,1,1.078
5,1,1,1,0.969
5,1,2,0,1.906
5,2,2,1,1.14
5,1,2,0,3.969
5,1,1,1,1.407
5,1,1,1,2.141
5,2,2,1,0.828
5,1,1,1,1.156
5,2,2,1,1.328
5,1,1,1,1.203
5,1,1,1,1.14
5,2,2,1,0.984
5,1,1,1,1.984
5,1,1,1,0.813
5,1,1,1,0.985
5,1,1,1,2.875
5,1,2,0,1.359
5,2,2,1,1.656
5,1,1,1,1.453
5,1,1,1,1.657
5,1,2,0,1.078
5,1,1,1,1.422
5,2,2,1,2.094
5,2,2,1,1.14
5,2,2,1,1.375
5,2,2,1,1.454
5,2,2,1,1.922
5,1,1,1,1.266
5,2,2,1,1.047
5,1,1,1,1.422
5,1,1,1,2.406
5,2,2,1,1.109
5,2,2,1,1.953
5,2,2,1,1.594
5,2,2,1,1.39
5,1,1,1,1.109
5,1,1,1,0.984
5,1,1,1,0.75
5,1,1,1,0.797
5,2,2,1,2.688
5,1,1,1,1.282
5,1,1,1,1.672
5,1,2,0,2.234
5,2,2,1,1.109
5,2,1,0,2.015
5,1,1,1,0.937
5,1,1,1,0.906
5,2,2,1,4.125
5,2,2,1,1.515
5,1,1,1,2.735
5,1,1,1,1.875
5,2,1,0,1.843
5,1,1,1,0.906
5,1,1,1,1.375
5,1,1,1,0.765
5,2,1,0,5.359
5,1,1,1,1.969
5,2,2,1,2.406
5,1,1,1,1.359
5,1,1,1,1.609
5,1,1,1,0.672
5,1,1,1,1.875
5,1,1,1,1.891
5,2,1,0,3.36
5,1,2,0,2.734
5,2,2,1,0.688
5,1,1,1,1.625
5,2,2,1,0.938
5,2,1,0,1.453
5,1,2,0,3.125
5,1,1,1,0.843
5,1,2,0,2.672
5,1,1,1,2.094
5,1,1,1,0.859
5,2,2,1,1.984
5,2,1,0,1.312
5,1,1,1,2.313
5,2,1,0,4.235
5,1,1,1,2.094
5,2,2,1,1.563
5,2,1,0,1.406
5,2,1,0,1.343
5,2,1,0,2.188
5,2,2,1,2.015
5,2,2,1,1.406
5,2,1,0,3.063
5,2,2,1,1.641
5,1,2,0,1.703
5,2,2,1,1.25
5,2,2,1,1.359
5,2,1,0,1.812
5,2,2,1,0.953
5,1,2,0,1.547
5,1,2,0,2.188
5,2,2,1,1.141
5,2,1,0,2.515
5,2,2,1,4.188
5,1,2,0,1.515
5,1,1,1,2.25
5,1,1,1,1.188
5,1,1,1,1.672
5,1,2,0,1.828
5,2,2,1,1.062
5,1,1,1,1.25
5,1,2,0,1.266
5,1,1,1,4.516
5,1,2,0,1.031
5,2,2,1,1.609
5,1,1,1,1.875
5,1,2,0,3.546
5,1,1,1,5.953
5,1,1,1,4.516
5,1,1,1,1.454
5,1,1,1,1.25
5,2,2,1,5.735
5,1,2,0,1.343
5,1,2,0,1.094
5,2,2,1,1.578
5,2,2,1,4.172
5,2,1,0,3.562
5,2,2,1,2.125
5,1,1,1,3.281
5,1,1,1,2.156
5,2,2,1,3.922
5,1,1,1,1.906
5,2,1,0,5.468
5,2,2,1,6.266
5,1,1,1,5.094
5,2,1,0,2.625
5,2,1,0,2.828
5,2,2,1,1.578
5,1,1,1,1.438
5,2,2,1,5.015
5,2,1,0,2.422
5,1,2,0,1.89
5,1,2,0,6.156
5,2,2,1,4.344
5,1,1,1,1.562
5,1,1,1,3.281
5,2,1,0,3.031
6,2,1,0,1.125
6,2,2,1,1.063
6,2,2,1,1.157
6,1,1,1,1
6,1,1,1,1.859
6,2,2,1,0.953
6,1,1,1,0.718
6,1,2,0,0.844
6,1,1,1,1.11
6,1,1,1,1.407
6,2,2,1,1.125
6,1,1,1,1.329
6,1,1,1,1.281
6,2,2,1,1.266
6,1,1,1,1.703
6,1,1,1,1.172
6,2,2,1,1.5
6,2,2,1,1.313
6,2,2,1,2.063
6,2,2,1,1.344
6,1,1,1,1.484
6,2,2,1,1.016
6,2,2,1,1.203
6,1,1,1,1.172
6,2,2,1,2.109
6,1,1,1,2.032
6,2,2,1,1.157
6,1,1,1,1.172
6,2,2,1,1.703
6,2,1,0,1.375
6,1,1,1,1.468
6,2,2,1,0.813
6,2,2,1,1.156
6,1,1,1,1.422
6,1,1,1,1.188
6,1,1,1,0.953
6,2,2,1,1.312
6,2,2,1,1.031
6,1,1,1,0.921
6,2,2,1,1.297
6,2,1,0,1.64
6,1,1,1,0.969
6,1,1,1,2.39
6,1,1,1,1.172
6,1,1,1,1.703
6,2,1,0,1.578
6,2,2,1,1.422
6,2,1,0,1.047
6,1,1,1,1.953
6,1,1,1,1.266
6,1,1,1,1.187
6,2,1,0,2.156
6,1,1,1,1.516
6,1,2,0,2.031
6,2,2,1,1.547
6,2,2,1,1.063
6,2,1,0,1.719
6,2,1,0,1.391
6,1,1,1,1.703
6,2,2,1,0.937
6,2,2,1,1.422
6,1,1,1,1.89
6,2,2,1,1.281
6,1,1,1,0.672
6,1,1,1,1.422
6,2,2,1,1.156
6,1,1,1,1.14
6,1,1,1,1.719
6,2,2,1,1.422
6,2,2,1,1.359
6,2,2,1,1.437
6,2,2,1,1.25
6,1,1,1,1
6,1,1,1,0.656
6,2,2,1,2.375
6,2,2,1,1.109
6,1,1,1,1.484
6,1,1,1,2.015
6,2,2,1,0.813
6,1,2,0,1.375
6,2,1,0,1.062
6,1,1,1,1.406
6,2,2,1,1
6,1,1,1,1.078
6,2,1,0,1.656
6,2,2,1,1.094
6,1,2,0,1.125
6,2,2,1,0.953
6,2,2,1,1.015
6,2,1,0,0.891
6,2,2,1,0.891
6,1,1,1,1.078
6,2,2,1,1.89
6,1,1,1,0.922
6,1,2,0,1.265
6,1,1,1,0.953
6,2,1,0,1.25
6,1,2,0,1
6,1,2,0,0.938
6,2,1,0,1.297
6,1,1,1,0.921
6,1,1,1,0.937
6,1,2,0,0.89
6,1,2,0,0.86
6,1,1,1,0.718
6,2,2,1,1.203
6,2,1,0,2.031
6,2,2,1,0.703
6,2,1,0,0.781
6,1,1,1,1.172
6,2,2,1,1.093
6,2,2,1,0.797
6,1,1,1,0.875
6,2,2,1,1.172
6,1,2,0,1.359
6,1,1,1,0.844
6,1,1,1,1.172
6,1,2,0,1.11
6,1,1,1,0.735
6,2,1,0,1.437
6,2,2,1,0.625
6,1,2,0,1.109
6,1,2,0,1.047
6,2,1,0,1.14
6,2,2,1,0.954
6,1,2,0,1.047
6,1,1,1,0.782
6,2,2,1,0.75
6,2,2,1,0.813
6,2,2,1,1.281
6,1,1,1,1.359
6,1,1,1,1.078
6,2,1,0,0.875
6,2,2,1,0.656
6,1,2,0,1.265
6,2,2,1,1.094
6,2,1,0,0.828
6,2,2,1,1.125
6,1,1,1,1.218
6,2,2,1,0.968
6,1,1,1,0.891
6,1,1,1,0.797
6,2,1,0,1.235
6,2,1,0,1.266
6,2,2,1,0.86
6,2,2,1,0.938
6,2,1,0,1.75
6,2,2,1,1.141
6,1,2,0,0.984
6,2,1,0,1.406
6,1,2,0,0.828
6,2,1,0,1.062
6,2,1,0,0.687
6,2,2,1,0.891
6,1,1,1,1
6,1,2,0,1.078
7,1,1,1,3.828
7,2,2,1,2.828
7,2,2,1,0.797
7,2,2,1,1.5
7,1,2,0,3.469
7,2,2,1,1.937
7,1,1,1,1.156
7,2,2,1,0.969
7,2,2,1,1.187
7,2,2,1,0.875
7,1,1,1,2.531
7,1,1,1,1.172
7,2,2,1,0.984
7,2,2,1,1.312
7,1,1,1,1.313
7,2,2,1,0.891
7,2,2,1,1.547
7,1,1,1,1.5
7,2,2,1,1.391
7,1,1,1,1.547
7,1,1,1,3.109
7,2,2,1,0.953
7,2,2,1,0.953
7,2,2,1,0.922
7,2,2,1,3.687
7,2,2,1,0.891
7,1,1,1,1.094
7,2,2,1,0.703
7,2,2,1,1.907
7,1,1,1,1.625
7,2,2,1,1.453
7,1,1,1,1.718
7,2,2,1,1.234
7,1,1,1,1.594
7,2,2,1,3.063
7,1,1,1,4.079
7,2,2,1,2.797
7,1,1,1,1.078
7,1,1,1,1.11
7,1,1,1,0.719
7,1,1,1,1.828
7,1,1,1,1.156
7,1,2,0,4.406
7,1,1,1,1.344
7,1,1,1,2.593
7,2,2,1,1.14
7,2,2,1,4.265
7,2,2,1,1.734
7,1,1,1,0.984
7,1,1,1,0.906
7,2,2,1,2.687
7,2,2,1,0.797
7,1,1,1,2.219
7,2,2,1,3.937
7,2,2,1,1.375
7,2,2,1,3.157
7,2,2,1,0.766
7,1,2,0,4.687
7,1,1,1,2.343
7,2,2,1,1.281
7,1,1,1,3.125
7,2,2,1,0.875
7,2,1,0,4.391
7,1,1,1,2.86
7,2,2,1,1.516
7,2,2,1,2.86
7,1,1,1,1.047
7,1,1,1,1.187
7,1,1,1,1.453
7,1,1,1,1.281
7,1,1,1,1.718
7,2,2,1,1.437
7,1,1,1,3.313
7,2,2,1,1.891
7,2,2,1,0.938
7,1,1,1,1.266
7,2,2,1,1.125
7,2,2,1,1.75
7,2,1,0,2.922
7,1,1,1,2.5
7,2,2,1,3.297
7,1,1,1,1.047
7,1,1,1,2.218
7,1,1,1,2.375
7,1,1,1,1.141
7,2,1,0,1.203
7,2,2,1,2.032
7,1,2,0,1.766
7,1,1,1,1.312
7,1,1,1,1.75
7,1,1,1,1.39
7,1,2,0,0.922
7,2,2,1,0.828
7,1,1,1,2.281
7,1,1,1,2.64
7,2,1,0,1.5
7,2,2,1,1
7,1,1,1,1.578
7,1,1,1,2.266
7,1,1,1,1.188
7,1,1,1,1.125
7,2,2,1,0.89
7,2,2,1,0.938
7,1,1,1,0.984
7,2,1,0,1.515
7,1,1,1,1.016
7,1,1,1,1.891
7,2,2,1,0.719
7,1,2,0,1.344
7,1,2,0,0.875
7,2,1,0,1.594
7,1,1,1,0.766
7,1,1,1,1.468
7,2,2,1,1
7,1,1,1,2.969
7,2,2,1,0.781
7,2,1,0,1.437
7,2,2,1,1.031
7,1,2,0,1.391
7,2,2,1,0.735
7,2,2,1,4.313
7,1,2,0,1.328
7,2,2,1,1.469
7,1,1,1,1.265
7,2,2,1,1.063
7,1,1,1,0.969
7,2,1,0,0.953
7,2,1,0,1.563
7,2,2,1,0.985
7,2,1,0,1.703
7,1,1,1,0.969
7,1,2,0,0.969
7,2,1,0,1.062
7,1,2,0,2.156
7,1,1,1,1.344
7,1,2,0,1.516
7,2,2,1,1.641
7,1,1,1,1.203
7,2,2,1,1.406
7,2,2,1,0.859
7,2,1,0,1.484
7,1,1,1,1.594
7,1,1,1,1.297
7,2,2,1,0.813
7,2,2,1,1.75
7,1,2,0,1.032
7,2,1,0,1.016
7,1,1,1,1.5
7,1,1,1,1.141
7,2,1,0,0.938
7,2,2,1,1.094
7,2,2,1,1.39
7,1,1,1,1.094
7,2,1,0,1
7,2,1,0,1.344
7,1,1,1,1.062
7,1,2,0,1.156
7,2,1,0,0.953
8,1,1,1,1.594
8,2,2,1,1.562
8,1,1,1,1.609
8,2,2,1,0.89
8,2,2,1,1.156
8,1,1,1,1.781
8,2,2,1,1.234
8,2,2,1,1.125
8,2,2,1,1.297
8,2,2,1,1.281
8,1,1,1,0.843
8,1,2,0,1.969
8,1,1,1,0.922
8,1,1,1,0.828
8,1,1,1,1.375
8,2,2,1,1.297
8,1,1,1,0.781
8,1,1,1,1.687
8,1,1,1,0.953
8,2,2,1,1.046
8,1,1,1,0.797
8,1,1,1,1.328
8,1,1,1,1.469
8,2,2,1,1.062
8,2,2,1,0.766
8,2,2,1,0.953
8,1,1,1,1.204
8,1,1,1,1.235
8,2,2,1,1.11
8,2,2,1,0.984
8,1,1,1,1.219
8,2,2,1,0.922
8,2,2,1,1.625
8,1,1,1,1.485
8,2,2,1,1.047
8,2,2,1,1.5
8,2,2,1,2.438
8,1,1,1,0.985
8,1,1,1,1.219
8,1,1,1,1.39
8,1,1,1,3.015
8,2,1,0,2.547
8,1,1,1,1.312
8,1,1,1,1.765
8,2,2,1,0.797
8,2,2,1,1.313
8,1,1,1,1.015
8,1,1,1,1.25
8,2,2,1,1.11
8,2,2,1,1.579
8,1,1,1,1.735
8,1,1,1,1.578
8,2,2,1,1.25
8,2,2,1,0.703
8,2,2,1,1.032
8,2,2,1,0.735
8,1,1,1,1.219
8,1,1,1,1.235
8,2,2,1,1.031
8,2,2,1,1.422
8,2,2,1,0.828
8,1,1,1,1
8,1,2,0,2.296
8,2,1,0,0.938
8,2,2,1,0.891
8,2,2,1,0.844
8,1,1,1,1.359
8,1,1,1,0.875
8,2,2,1,2.391
8,2,2,1,0.782
8,2,2,1,1.375
8,1,1,1,1.562
8,2,2,1,1.25
8,1,1,1,1.546
8,2,2,1,0.75
8,1,1,1,1.312
8,1,2,0,1.14
8,2,2,1,0.984
8,1,2,0,1.547
8,1,1,1,1.546
8,1,2,0,2.781
8,2,2,1,1.64
8,2,2,1,1.516
8,1,1,1,1.047
8,2,2,1,1.766
8,1,1,1,1.734
8,1,1,1,1.61
8,1,1,1,0.953
8,1,2,0,2.031
8,1,1,1,0.937
8,2,2,1,1.734
8,2,2,1,1.594
8,1,2,0,1.125
8,1,1,1,1.406
8,1,1,1,1.671
8,1,1,1,2.578
8,2,1,0,1.64
8,1,1,1,1.188
8,1,1,1,1.157
8,1,2,0,1.453
8,1,2,0,2.297
8,2,2,1,1.203
8,2,1,0,2.734
8,2,2,1,1.344
8,2,2,1,1.609
8,1,2,0,1.531
8,1,1,1,2.11
8,1,2,0,1.235
8,1,1,1,2.703
8,1,1,1,1.157
8,2,2,1,2.875
8,2,2,1,1.906
8,1,1,1,1.844
8,2,2,1,1.781
8,1,2,0,2.797
8,2,2,1,1.11
8,1,2,0,2.125
8,1,1,1,1.562
8,1,1,1,2.891
8,2,1,0,2.656
8,2,1,0,1.891
8,1,1,1,1.062
8,2,2,1,1.265
8,2,2,1,1.547
8,2,2,1,2
8,2,1,0,1.703
8,2,1,0,1.766
8,2,2,1,2.14
8,2,1,0,1.406
8,1,1,1,2.016
8,1,1,1,2.328
8,2,1,0,2.109
8,2,2,1,1.625
8,2,2,1,1.313
8,1,1,1,1.015
8,2,2,1,2.719
8,2,1,0,3.594
8,2,2,1,2.485
8,1,1,1,1.312
8,2,2,1,2.031
8,2,2,1,1.36
8,2,2,1,2.203
8,2,1,0,1.188
8,2,1,0,2.469
8,1,2,0,1.562
8,1,2,0,2.563
8,1,1,1,2.094
8,2,2,1,2.344
8,2,2,1,2.094
8,1,1,1,1.782
8,2,1,0,2.891
8,2,1,0,1.438
8,1,1,1,1.735
8,2,2,1,3.141
8,2,2,1,1.969
8,1,2,0,1.407
8,1,1,1,1.562
8,2,2,1,1.047
8,1,1,1,2.219
8,2,1,0,2.422
9,2,2,1,3.062
9,1,1,1,1.14
9,1,1,1,1.344
9,2,2,1,0.813
9,1,1,1,1.688
9,2,2,1,0.937
9,1,1,1,1.828
9,1,1,1,1.328
9,1,1,1,0.953
9,2,2,1,5.203
9,2,2,1,1.64
9,2,2,1,1.031
9,2,2,1,0.844
9,1,1,1,2.187
9,1,1,1,0.735
9,1,1,1,1.891
9,2,2,1,1.64
9,2,2,1,2.156
9,2,2,1,1.328
9,2,2,1,1.172
9,1,1,1,0.906
9,2,2,1,0.984
9,1,1,1,0.891
9,2,2,1,2.281
9,2,2,1,3.843
9,2,2,1,1.125
9,2,2,1,3.656
9,1,1,1,0.828
9,2,2,1,3.094
9,1,1,1,0.703
9,2,2,1,2.359
9,2,2,1,1.422
9,2,2,1,1.375
9,2,2,1,1.281
9,1,1,1,0.719
9,2,2,1,2.156
9,2,2,1,1.344
9,1,1,1,1.125
9,1,1,1,0.953
9,1,1,1,0.781
9,1,2,0,3.734
9,2,2,1,0.953
9,2,2,1,2.125
9,1,1,1,0.813
9,1,1,1,1.453
9,1,1,1,1.953
9,2,2,1,1.016
9,2,2,1,1.969
9,1,1,1,1.313
9,2,2,1,1.234
9,1,1,1,0.875
9,2,2,1,0.984
9,2,2,1,2.109
9,1,1,1,0.891
9,2,2,1,4.484
9,2,2,1,1.36
9,2,2,1,1.875
9,2,2,1,3.094
9,2,2,1,1.125
9,2,2,1,1.562
9,2,2,1,1.343
9,2,2,1,1.578
9,1,1,1,1.859
9,1,1,1,2.14
9,2,2,1,1.343
9,2,2,1,1.078
9,1,1,1,0.766
9,1,1,1,1.781
9,1,1,1,0.672
9,1,1,1,0.938
9,1,1,1,1.484
9,2,2,1,1.516
9,1,1,1,1.688
9,1,1,1,1.703
9,1,1,1,1.516
9,1,1,1,0.735
9,2,2,1,1.484
9,2,2,1,1.375
9,1,1,1,2.125
9,2,2,1,1.032
9,2,2,1,1.765
9,1,2,0,2.828
9,2,2,1,0.984
9,1,1,1,1.219
9,1,1,1,1.422
9,1,1,1,1.562
9,1,1,1,2.281
9,2,2,1,1.922
9,1,1,1,1.172
9,2,2,1,3.234
9,1,1,1,2.219
9,1,2,0,2.109
9,2,1,0,2.203
9,1,2,0,1.5
9,2,2,1,1.625
9,2,2,1,2.203
9,2,2,1,2.094
9,2,1,0,0.953
9,1,1,1,1.437
9,1,1,1,2.75
9,1,1,1,0.796
9,2,1,0,1.156
9,1,1,1,2.047
9,2,2,1,2.234
9,2,1,0,2.64
9,2,2,1,1.969
9,1,2,0,1.546
9,2,2,1,3.5
9,1,1,1,3.156
9,2,2,1,3.641
9,2,2,1,1.954
9,1,1,1,1.453
9,1,2,0,4.187
9,2,1,0,1.922
9,1,2,0,1.469
9,1,1,1,1.047
9,2,1,0,4.718
9,2,2,1,2.937
9,2,2,1,6
9,2,2,1,1.672
9,2,1,0,3.078
9,1,1,1,2.172
9,2,2,1,1.734
9,1,2,0,1.547
9,1,1,1,2.171
9,2,1,0,4.14
9,2,2,1,2.672
9,1,1,1,1.5
9,1,2,0,3.438
9,1,1,1,1.657
9,2,2,1,4.281
9,2,1,0,1.953
9,1,1,1,1.281
9,2,1,0,2.36
9,1,2,0,4.125
9,1,2,0,1.422
9,1,2,0,1.75
9,1,2,0,2.328
9,2,2,1,3.953
9,2,1,0,0.875
9,2,2,1,2.828
9,2,2,1,1.375
9,2,2,1,3.312
9,2,2,1,3.156
9,2,1,0,1.578
9,2,2,1,1.203
9,1,1,1,2.812
9,1,1,1,1.656
9,2,2,1,3.172
9,1,1,1,2.359
9,1,2,0,2.516
9,2,2,1,1.297
9,1,1,1,1.187
9,2,2,1,1.328
9,1,1,1,1.735
9,1,1,1,2.547
9,2,1,0,1.859
9,2,2,1,2.453
9,1,1,1,2.344
10,1,1,1,2.64
10,2,2,1,1.266
10,2,2,1,1.047
10,1,1,1,1.781
10,2,2,1,1.016
10,1,1,1,2.11
10,2,2,1,2.375
10,2,2,1,1.922
10,1,1,1,1.312
10,1,1,1,1.031
10,2,2,1,1.234
10,1,1,1,1.64
10,2,1,0,1.625
10,2,2,1,2.079
10,1,2,0,2.219
10,1,1,1,1.828
10,2,2,1,1.938
10,2,2,1,3.485
10,2,2,1,2.985
10,1,1,1,1.922
10,2,2,1,1.594
10,1,1,1,1.266
10,1,1,1,0.922
10,2,2,1,2.093
10,2,2,1,1.391
10,2,2,1,1.688
10,1,1,1,0.797
10,1,1,1,1.656
10,2,2,1,1.032
10,1,1,1,1.375
10,1,1,1,2.047
10,2,2,1,1.016
10,1,1,1,1.219
10,2,2,1,0.968
10,1,1,1,1.953
10,2,2,1,1.907
10,2,2,1,0.922
10,1,1,1,1.109
10,2,2,1,2.547
10,1,1,1,1.703
10,1,1,1,0.781
10,2,2,1,2.062
10,1,1,1,0.797
10,1,1,1,0.937
10,2,2,1,1.906
10,2,2,1,1.281
10,2,2,1,1.437
10,2,2,1,1.094
10,2,2,1,2.063
10,1,1,1,1.422
10,2,2,1,3.219
10,2,1,0,2.422
10,1,1,1,0.922
10,2,2,1,1.625
10,2,1,0,1.484
10,1,1,1,1.703
10,1,1,1,0.86
10,2,1,0,1.453
10,1,1,1,0.859
10,2,2,1,1.078
10,1,1,1,1.016
10,1,1,1,1.172
10,1,1,1,1.422
10,2,1,0,2.078
10,2,2,1,1.344
10,2,2,1,3.86
10,2,1,0,1.438
10,1,1,1,1.687
10,1,1,1,1.203
10,2,2,1,2.391
10,1,1,1,1.485
10,2,2,1,2.266
10,1,1,1,1.906
10,2,2,1,1.532
10,1,1,1,1.547
10,1,1,1,1.25
10,2,1,0,2.079
10,1,2,0,2.047
10,1,1,1,1.047
10,2,2,1,2.203
10,2,1,0,1.375
10,2,1,0,1.735
10,1,1,1,1.843
10,2,2,1,1.547
10,2,1,0,1.797
10,2,2,1,1.015
10,1,1,1,0.969
10,1,2,0,2.296
10,1,1,1,1.781
10,1,2,0,1.562
10,1,2,0,1.437
10,2,2,1,2.672
10,2,1,0,0.922
10,2,2,1,0.734
10,1,2,0,1.312
10,1,1,1,2.859
10,2,1,0,1.985
10,1,1,1,1.719
10,1,1,1,1.344
10,2,1,0,1.453
10,1,2,0,2.312
10,2,1,0,1.485
10,2,2,1,1.453
10,2,1,0,1.391
10,1,1,1,1.094
10,2,1,0,2.75
10,1,1,1,1.25
10,2,2,1,1.891
10,2,1,0,0.953
10,1,1,1,1.078
10,1,2,0,2.5
10,2,2,1,1.188
10,1,1,1,1.438
10,2,1,0,1.062
10,2,2,1,1.203
10,1,1,1,1.453
10,2,1,0,1.312
10,2,2,1,1.157
10,1,1,1,1.187
10,2,1,0,1.937
10,2,1,0,1.39
10,1,2,0,1.922
10,2,2,1,1.984
10,2,2,1,1.375
10,1,1,1,1.265
10,1,2,0,1.657
10,2,1,0,1.672
10,1,1,1,1.188
10,2,2,1,1.36
10,1,1,1,0.938
10,1,2,0,0.797
10,2,1,0,1.578
10,2,2,1,1.594
10,1,2,0,1.406
10,2,1,0,1.937
10,1,2,0,1.344
10,1,1,1,1.219
10,2,1,0,2.203
10,1,2,0,2.141
10,2,1,0,0.843
10,2,2,1,0.984
10,1,2,0,1.703
10,1,1,1,1.188
10,2,2,1,1.703
10,2,1,0,1.594
10,1,2,0,0.953
10,1,1,1,1.312
10,2,2,1,2.156
10,2,1,0,0.875
10,1,1,1,1.656
10,2,1,0,1.125
10,1,1,1,1.859
10,2,2,1,1.25
10,2,1,0,1.562
10,2,2,1,2.094
10,2,2,1,1.375
10,1,1,1,1.469
10,1,1,1,3
10,1,1,1,2.484
10,1,1,1,1.11
11,2,2,1,1.172
11,2,2,1,2.313
11,1,1,1,2.063
11,1,1,1,2.109
11,2,2,1,1.141
11,2,1,0,2.578
11,2,2,1,1.281
11,2,2,1,0.875
11,1,1,1,2.468
11,1,1,1,2.312
11,1,1,1,1.016
11,1,2,0,2.344
11,1,1,1,1.438
11,2,2,1,1.204
11,1,1,1,0.953
11,2,2,1,3.547
11,2,2,1,1.828
11,2,2,1,1.281
11,1,1,1,0.969
11,2,2,1,2.718
11,2,2,1,1.765
11,2,2,1,1.516
11,2,2,1,3.297
11,1,2,0,4.203
11,2,2,1,2.453
11,2,2,1,1.297
11,1,1,1,3.672
11,2,2,1,2.016
11,1,1,1,1.109
11,1,1,1,1.906
11,2,2,1,1.766
11,1,1,1,1.282
11,2,2,1,2.578
11,1,1,1,3.125
11,2,2,1,1.047
11,1,1,1,1.062
11,1,1,1,1.391
11,2,2,1,0.922
11,2,2,1,1.203
11,2,2,1,2.672
11,1,1,1,1.063
11,1,1,1,1.688
11,2,2,1,1.281
11,1,1,1,0.86
11,2,1,0,1.219
11,1,1,1,1.422
11,1,1,1,1.234
11,2,2,1,1.031
11,2,2,1,1.281
11,2,2,1,1.312
11,2,2,1,1.485
11,1,1,1,1.109
11,1,1,1,1.641
11,2,2,1,3.125
11,1,1,1,0.984
11,2,2,1,2.062
11,1,1,1,1.109
11,1,2,0,2.094
11,2,2,1,1.297
11,2,2,1,1.5
11,2,1,0,1.953
11,1,1,1,1.547
11,1,1,1,1.078
11,2,2,1,1.594
11,1,1,1,1.344
11,1,1,1,1.782
11,1,1,1,2.047
11,2,2,1,0.937
11,1,1,1,2.547
11,1,1,1,1.125
11,1,1,1,1.61
11,2,2,1,1.75
11,1,1,1,1.297
11,1,1,1,0.985
11,2,2,1,2.593
11,1,1,1,1.078
11,2,2,1,1.718
11,1,1,1,3.547
11,2,2,1,1.422
11,2,2,1,1.297
11,1,1,1,3.469
11,1,2,0,1.484
11,1,1,1,2.5
11,1,1,1,2.812
11,2,2,1,4.782
11,1,1,1,1.016
11,2,1,0,1.844
11,1,1,1,1.875
11,1,1,1,1.406
11,2,1,0,1.75
11,2,2,1,2.063
11,1,1,1,1.922
11,2,1,0,0.921
11,2,1,0,1.485
11,2,1,0,2.485
11,1,1,1,1.375
11,2,2,1,1.031
11,2,2,1,2.562
11,1,1,1,1.656
11,1,1,1,1.735
11,2,1,0,2.234
11,1,1,1,2.468
11,2,1,0,4.062
11,2,2,1,1.687
11,2,2,1,1.953
11,1,1,1,2.594
11,2,2,1,1.203
11,1,1,1,1.734
11,2,2,1,4.875
11,1,1,1,1.141
11,1,1,1,1.578
11,1,2,0,1.531
11,1,1,1,1.641
11,2,1,0,1.765
11,2,2,1,1.234
11,2,1,0,2.281
11,1,1,1,1.516
11,1,1,1,3.406
11,2,2,1,1.453
11,1,2,0,1.281
11,1,1,1,1.906
11,1,2,0,3.859
11,1,2,0,1.469
11,2,2,1,1.688
11,2,2,1,2.047
11,2,2,1,1.375
11,1,1,1,5.141
11,2,1,0,2.11
11,1,2,0,3.375
11,2,1,0,3.109
11,2,2,1,1.875
11,1,2,0,2.157
11,2,2,1,1.406
11,2,1,0,2.985
11,2,2,1,4.609
11,2,2,1,1.359
11,2,2,1,2.234
11,2,2,1,3.547
11,2,1,0,1.625
11,1,1,1,4.015
11,2,2,1,2.062
11,1,2,0,2.234
11,2,1,0,2.954
11,2,2,1,1.609
11,2,2,1,2.656
11,1,2,0,2.579
11,2,1,0,2.344
11,1,1,1,3.422
11,1,1,1,1.156
11,2,2,1,1.703
11,2,2,1,2.468
11,2,2,1,3.437
11,1,2,0,3.078
11,2,2,1,3.735
11,1,1,1,3.422
11,1,1,1,3.328
11,1,1,1,2.938
11,2,2,1,2.547
11,2,1,0,2.891
12,1,1,1,2.11
12,1,1,1,1.25
12,1,1,1,4.407
12,1,1,1,1.641
12,1,1,1,3.609
12,1,2,0,3.797
12,2,2,1,2.422
12,1,1,1,2.359
12,2,2,1,1.547
12,2,2,1,1.469
12,1,1,1,1.047
12,1,1,1,1.25
12,2,2,1,1.016
12,1,1,1,2.031
12,1,1,1,0.985
12,1,1,1,0.922
12,1,1,1,1.375
12,2,2,1,1.672
12,2,2,1,1.25
12,1,1,1,0.875
12,1,1,1,0.985
12,2,2,1,1.937
12,1,1,1,1.296
12,1,1,1,0.875
12,2,2,1,1.391
12,1,1,1,1.172
12,1,1,1,1.719
12,1,1,1,1.297
12,2,2,1,1.141
12,1,1,1,1.016
12,2,2,1,1.172
12,2,2,1,2.063
12,1,1,1,0.891
12,2,2,1,1.485
12,1,1,1,1.047
12,1,1,1,1.188
12,1,1,1,0.828
12,2,2,1,1.125
12,2,2,1,1.61
12,1,1,1,1.062
12,1,1,1,1
12,2,2,1,1.25
12,2,2,1,1.25
12,1,1,1,1.016
12,1,1,1,3.328
12,1,1,1,0.844
12,2,2,1,1.125
12,2,2,1,1.781
12,2,2,1,1.406
12,2,2,1,1.562
12,1,1,1,0.954
12,2,2,1,0.937
12,2,2,1,1.093
12,1,1,1,1.093
12,1,1,1,0.875
12,1,1,1,1.063
12,2,2,1,2.641
12,2,2,1,1.281
12,2,2,1,1.125
12,2,2,1,1.437
12,1,1,1,1.047
12,1,1,1,1.61
12,1,1,1,1.125
12,2,2,1,1.437
12,1,1,1,1.188
12,1,1,1,0.969
12,1,2,0,1.969
12,1,2,0,3.703
12,2,2,1,1.734
12,2,2,1,1.328
12,1,1,1,0.984
12,2,2,1,2.422
12,2,2,1,1.156
12,1,1,1,0.953
12,1,1,1,1.391
12,1,1,1,2.078
12,1,1,1,2.25
12,1,1,1,1.765
12,1,1,1,3.172
12,1,1,1,1.218
12,1,1,1,1.172
12,2,1,0,2.719
12,2,1,0,2.391
12,2,1,0,2.218
12,1,2,0,3.781
12,2,2,1,1.234
12,2,2,1,1.203
12,2,2,1,1.516
12,2,2,1,1.344
12,2,2,1,1.265
12,2,2,1,1.968
12,2,2,1,1.641
12,1,1,1,2.344
12,1,2,0,1.781
12,1,1,1,2.844
12,2,2,1,1.062
12,1,2,0,3.516
12,1,2,0,3.109
12,1,1,1,1.125
12,2,1,0,2.219
12,2,2,1,1.282
12,1,1,1,1.578
12,1,1,1,1.343
12,2,2,1,1.219
12,1,1,1,2.703
12,1,1,1,2.078
12,2,2,1,2.469
12,2,2,1,1.281
12,1,1,1,1.797
12,1,1,1,1.641
12,1,1,1,1.922
12,2,2,1,1.015
12,1,1,1,1.547
12,2,2,1,1.312
12,2,2,1,3.672
12,1,1,1,2.25
12,1,1,1,2.25
12,2,2,1,3.266
12,2,2,1,1.672
12,1,1,1,1.765
12,1,1,1,1.797
12,1,1,1,2.297
12,2,2,1,3.14
12,2,2,1,2.297
12,1,2,0,5.594
12,2,2,1,2.375
12,2,1,0,1.375
12,2,2,1,2.328
12,1,1,1,1.937
12,2,2,1,2.844
12,2,2,1,1.797
12,1,1,1,2.016
12,2,1,0,2.906
12,1,1,1,2.047
12,1,1,1,1.703
12,1,2,0,2.407
12,1,2,0,3.86
12,2,2,1,1.578
12,2,2,1,1.734
12,2,2,1,2.89
12,2,1,0,2.25
12,1,1,1,1.578
12,1,1,1,1.5
12,1,1,1,2.172
12,1,1,1,1.094
12,2,2,1,1.641
12,1,1,1,1.828
12,1,1,1,2.75
12,1,1,1,1.093
12,1,1,1,1.609
12,1,1,1,1.843
12,1,1,1,1.25
12,2,2,1,2.204
12,2,2,1,1.828
12,2,2,1,1.485
12,2,2,1,1.219
12,1,2,0,1.078
12,2,1,0,1.625
